한글공항,공항코드1(IATA)
암파라 공항,ADP
코디악 공항,ADQ
애디슨 공항,ADS
아르다빌 공항,ADU
에드 데인 공항,ADV
앤드루스 공군기지,ADW
구스타보 로하스 피닐라 국제공항,ADZ
아베마마 아톨 공항,AEA
바이스 바마 공항,AEB
애크고당공항,AEG
아베셰 공항,AEH
암구 공항,AEM
호르헤 뉴베리 에어파크,AEP
소치 국제 공항,AER
올레순비그라 공항,AES
알라카켓 공항,AET
아부무사 공항,AEU
알렉산드리아 국제 공항,AEX
아쿠레이리 공항,AEY
산 라파엘 공항,AFA
콘다바타반 탱크 수상비행기 기지,AFK
알타 플로레스타 공항,AFL
재프리 공항실버 랜치,AFN
자라프샨 공항,AFS
아푸타라 공항,AFT
포트워스 얼라이언스 공항,AFW
사브제바르 공항,AFZ
아가디르 알 마시라 공항,AGA
아우크스부르크 공항,AGB
앨러게니 카운티 공항,AGC
아겐 라 가렌느 공항,AGF
엔겔홀름 헬싱보리 공항,AGH
아구니 공항,AGJ
와니겔라 공항,AGL
앙군 수상비행기 기지,AGN
말라가 공항,AGP
아그라 공항,AGR
오거스타 공항앳 부시 필드,AGS
과라니 국제 공항,AGT
헤수스 테란 페레도 국제공항,AGU
오스왈도 게바라 무히카 공항,AGV
아가티 비행장,AGX
아바 공항,AHB
아헤 공항,AHE
훙위안 공항,AHJ
아테네 벤 엡스 공항,AHN
알게로 페르틸리아 공항,AHO
체리프 알 이드리시 공항,AHU
얼라이언스 공항,AIA
아이링라플랍 아이록 공항,AIC
아일룩 공항,AIM
웨인라이트 공항,AIN
아담푸르 공항,AIP
아리푸아낭 공항,AIR
아로라 아일랜드 공항,AIS
아이투타키 공항,AIT
에누아 공항,AIU
아작시오 나폴레옹 보나파르트 공항,AJA
알 자우프 국내선 공항,AJF
아리 공항,AJI
아라크 공항,AJK
렝푸이 공항,AJL
우아니 공항,AJN
아르비스야우르 공항,AJR
산타 마리아 공항,AJU
마노 다약 국제 공항,AJY
안캉 울리푸 공항,AKA
앗카 공항,AKB
아콜라 공항,AKD
쿠프라 공항,AKF
아키악 공항,AKI
아사히카와 공항,AKJ
아키오크 공항,AKK
오클랜드 공항,AKL
킹 새먼 공항,AKN
아낙투북 패스 공항,AKP
아쿠레 공항,AKR
아우키 과우나루우 공항,AKS
악수 공항,AKU
아쿨리비크 공항,AKV
악토베 공항,AKX
시트웨 공항,AKY
알마티 국제 공항,ALA
올버니 국제 공항,ALB
알리칸테 엘체 공항,ALC
알파인 카스파리 시립공항,ALE
알타 공항,ALF
후아리 부메디엔 공항,ALG
올버니 공항,ALH
앨리스 국제 공항,ALI
앨라모고도 화이트 샌즈 공항,ALM
워털루 공항,ALO
알레포 국제 공항,ALP
알레그레테 공항,ALQ
알렉산드라 비행장,ALR
샌루이스밸리 공항,ALS
왈라왈라 공항,ALW
엘 누자 공항,ALY
알리탁 수상비행기 기지,ALZ
릭 허드슨 애머릴로 국제 공항,AMA
사르다르 발라바이 파텔 국제공항,AMD
아르바 민치 공항,AMH
셀라파랑 공항,AMI
퀸 알리아 국제 공항,AMM
파티무라 공항,AMQ
암스테르담 스키폴 공항,AMS
암데르마 공항,AMV
암바토마인티 공항,AMY
앙가마 마라 공항,ANA
테드 스티븐스 앵커리지 국제 공항,ANC
앙제 루아르 공항,ANE
세로 모레노 국제 공항,ANF
앙굴렘 코냑 국제공항,ANG
아니악 공항,ANI
에타임스구트 공군기지,ANK
안시라바토 공항,ANM
앤트워프 국제 공항,ANR
안다와일라스 공항,ANS
V. C. 버드 국제공항,ANU
안빅 공항,ANV
안도야 공항,ANX
라이프치히 알텐부르크 공항,AOC
아나돌루 공항,AOE
안산 텅아오 공항,AOG
안코나 팔코나라 공항,AOI
아오모리 공항,AOJ
카르파토스 아일랜드 내셔널 공항,AOK
앨투나 블레어 카운티 공항,AOO
술탄 압둘 할림 공항,AOR
아묵 베이 수상비행기 기지,AOS
아오스타 밸리 공항,AOT
아타푸 국제공항,AOU
센테니얼 공항,APA
아폴로 공항,APB
나파 카운티 공항,APC
나폴리 공항,APF
아파타키 공항,APK
남풀라 공항,APL
앨피너 카운티 공항,APN
안토니오 롤단 베탕쿠르 공항,APO
팔레올로 국제 공항,APW
아라퐁가스 공항,APX
아라라콰라 공항,AQA
안칭 티안주산 공항,AQG
알 카이수마/하프르 알 바틴 공항,AQI
킹 후세인 국제공항,AQJ
로드리게스 발론 국제공항,AQP
아카디아나 지역공항,ARA
북극 마을 공항,ARC
알로르 아일랜드 공항,ARD
탈라기 공항,ARH
차칼루타 국제공항,ARI
아루샤 공항,ARK
아미데일 공항,ARM
스톡홀름 알란다 공항,ARN
알토 리오 셍구에르 공항,ARR
워터타운 국제공항,ART
아라사투바 공항,ARU
레이크랜드 공항,ARV
아라드 국제공항,ARW
아라카티 공항,ARX
아사브 국제공항,ASA
아시가바트 국제공항,ASB
안드로스 타운 국제공항,ASD
아스펜 핏킨 카운티 공항,ASE
나리마노보 공항,ASF
어센션 섬 공항,ASI
아마미 공항,ASJ
아스마라 국제공항,ASM
아소사 공항,ASO
앨리스 스프링스 공항,ASP
에르킬레트 국제공항,ASR
아스토리아 지역공항,AST
실비오 페티로시 국제공항,ASU
암보셀리 공항,ASV
아스완 국제공항,ASW
코만단테 FAP 게르만 아리아스 그라지아니 공항,ATA
아서스 타운 공항,ATC
우루 항구 공항,ATD
아테네 국제공항,ATH
안트시라베 공항,ATJ
앳가숙 에드워드 버넬 시니어 메모리얼 공항,ATK
하츠필드 잭슨 애틀랜타 국제공항,ATL
알타미라 공항,ATM
스리 구루 람 다스 지 국제공항,ATQ
아트마우틀루악 공항,ATT
애플턴 국제공항,ATW
워터타운 지역공항,ATY
아시우트 공항,ATZ
퀸 베아트릭스 국제공항,AUA
산티아고 페레즈 키로스 공항,AUC
오거스타 주립공항,AUG
아부다비 국제공항,AUH
알라카누크 공항,AUK
아우르 공항,AUL
오번대학교 지역공항,AUO
아투오나 공항,AUQ
오리락 공항,AUR
오스틴 버그스트롬 국제공항,AUS
오루쿤 공항,AUU
아라과이나 공항,AUX
아톰공항,AUY
안순 황궈슈 공항,AVA
애슈빌 공항,AVL
아비뇽 프로방스 공항,AVN
윌크스배러/스크랜턴 국제공항,AVP
아발론 공항,AVV
아와사 공항,AWA
아니와 공항,AWD
아바즈 국제 공항,AWZ
클레이튼 J. 로이드 국제 공항,AXA
알렉산드로폴리 공항,AXD
바얀호트 공항,AXF
아마쿠사 비행장,AXJ
아타크 공항,AXK
엘 에덴 국제 공항,AXM
스프링 포인트 공항,AXP
아루투아 공항,AXR
아키타 공항,AXT
악숨 공항,AXU
안양공항,AYN
야나밀라 공항,AYP
에어즈락 공항,AYQ
안탈리아 공항,AYT
피닉스메사 게이트웨이 공항,AZA
사히드 사두히 공항,AZD
알 바틴 이그제큐티브 공항,AZI
안디잔 공항,AZN
캘러머주/배틀크릭 국제공항,AZO
투앗 체이크 시디 모하메드 벨케비르 공항,AZR
사마나 엘 카테이 국제 공항,AZS
바크스데일 공군기지,BAD
웨스트필드 반스 공항,BAF
로아칸 공항,BAG
바레인 국제 공항,BAH
부에노스 아이레스 공항,BAI
배트맨 공항,BAL
에르네스토 코르티소스 국제 공항,BAQ
칭하이 보아오 공항,BAR
발랄래 공항,BAS
차페이 암세이 공항,BAT
바우터우 공항,BAV
바르나울 공항,BAX
바이아 마레 공항,BAY
바르셀로스 공항,BAZ
발마세다 공항,BBA
부타리타리 환초 공항,BBG
비주 파트나이크 국제공항,BBI
카사네 공항,BBK
발레라 공항,BBL
바리오 공항,BBN
베르베라 공항,BBO
바부다 코드링턴 공항,BBQ
블랙부셰 공항,BBS
아우렐 블라이쿠 국제공항,BBU
구스타보 리조 공항,BCA
바콜로드 실라이 국제공항,BCD
바르칼딘 공항,BCI
바커우 국제공항,BCM
바르셀로나 엘프라트 공항,BCN
바코 공항,BCO
브락 공항,BCQ
보카 레이턴 공항,BCT
바우치 주립 공항,BCU
헥터 실바 활주로,BCV
L. F. 웨이드 국제공항,BDA
번더버그 공항,BDB
바두 아일랜드 공항,BDD
반다르 렝게 공항,BDH
샴수단 누르 공항,BDJ
브래들리 국제 공항,BDL
후세인 사스트라네가라 국제공항,BDO
바드라푸르 공항,BDP
바도다라 공항,BDQ
이고르 I. 시코르스키 메모리얼 공항,BDR
브린디시 살렌토 공항,BDS
바두포스 공항,BDU
벤베큘라 공항,BEB
로렌스 지 핸스컴 필드,BED
블루필즈 공항,BEF
베오그라드 니콜라 테슬라 공항,BEG
칼리마라우 공항,BEJ
바레일리 공항,BEK
발 드 꺉 국제 공항,BEL
베니 멜랄 공항,BEM
베니나 국제 공항,BEN
레이크 맥쿼리 공항,BEO
벨라리 공항,BEP
베를린 브란덴부르크 공항,BER
브레스트 브르타뉴 공항,BES
베델 공항,BET
베두리 공항,BEU
베이라 공항,BEW
베이루트 라픽 하리리 국제공항,BEY
베루 섬 공항,BEZ
블룸필드 공항,BFC
브래드퍼드 공항,BFD
웨스턴 네브래스카 리저널 공항,BFF
바카체리 공항,BFH
보잉 필드/킹 카운티 국제공항,BFI
비지에 페이슝 공항,BFJ
메도우즈 필드 공항,BFL
모빌 다운타운 공항,BFM
블룸폰테인 공항,BFN
버팔로 레인지 공항,BFO
바이아피냐 공항,BFQ
벨파스트 국제 공항,BFS
보퍼트 카운티 공항,BFT
방부공항,BFU
부리람 공항,BFV
바푸샴 공항,BFX
팔로 네그로 공항,BGA
브라간사 공항,BGC
방기 음포코 국제공항,BGF
빙골 공항,BGG
그랜틀리 아담스 국제공항,BGI
바그룽 공항,BGL
그레이터 빙엄턴 공항,BGM
벨라야 고라 공항,BGN
플레스랜드 공항,BGO
뱅거 국제공항,BGR
바그다드 국제 공항,BGW
코만단테 구스타보 크라이머 공항,BGX
일 카라바조 국제공항,BGY
핸콕 카운티 바 하버 공항,BHB
조지 베스트 벨파스트 시티 공항,BHD
우드본 공항,BHE
브루스 라구나 공항,BHG
비샤 국내선 공항,BHH
코망단트 에스포라 공항,BHI
부지 공항,BHJ
부하라 국제 공항,BHK
버밍엄 셔틀스워스 국제공항,BHM
라자 보즈 공항,BHO
보즈푸르 공항,BHP
브로큰 힐 공항,BHQ
바랏푸르 공항,BHR
배서스트 공항,BHS
바브나가르 공항,BHU
바하왈푸르 공항,BHV
버밍엄 공항,BHX
베이하이 푸청 공항,BHY
바스티아 포레타 공항,BIA
바이도아 공항,BIB
블록 아일랜드 스테이트 공항,BID
빅스 육군 비행장,BIF
이스턴 시에라 공항,BIH
비키니 아톨 공항,BII
프란스 카이시에포 공항,BIK
빌링스 로건 국제 공항,BIL
사우스 비미니 공항,BIM
바미얀 공항,BIN
빌바오 공항,BIO
비아리츠 페이 바스크 공항,BIQ
비랏나가르 공항,BIR
비스마르크 공항,BIS
빌두달루르 공항,BIU
아바네 람데인 공항,BJA
보이노르드 공항,BJB
록키 마운틴 메트로폴리탄 공항,BJC
보츠피오르 공항,BJF
베미지 지역공항,BJI
반줄 국제공항,BJL
부줌부라 국제공항,BJM
바히르 다르 공항,BJR
벤토타 리버 공항,BJT
바주라 공항,BJU
밀라스 보드룸 공항,BJV
바자와 소아 공항,BJW
델 바히오 국제공항,BJX
바다호스 공항,BJZ
날 공항,BKB
버클랜드 공항,BKC
브랜슨 공항,BKG
코타키나발루 국제공항,BKI
수완나품 공항,BKK
클리블랜드 버크 레이크프론트 공항,BKL
바켈랄란 공항,BKM
발카나바트 공항,BKN
바마코 세누 국제공항,BKO
블랙올 공항,BKQ
파트마와티 수카르노 공항,BKS
롤리 카운티 메모리얼 공항,BKW
브루킹스 공항,BKX
카부무 공항,BKY
부코바 공항,BKZ
제너럴 호세 안토니오 안조아테구이 국제공항,BLA
파나마 파시피코 국제공항,BLB
볼더 시티 시립공항,BLD
달라 공항,BLE
벨링햄 국제 공항,BLI
모스테파 벤 불레이드 공항,BLJ
블랙풀 공항,BLK
빌룬드 공항,BLL
볼로냐 굴리엘모 마르코니 공항,BLQ
켐페고다 국제 공항,BLR
블루 캐니언 나이액 공항,BLU
미드아메리카 세인트루이스 공항,BLV
칠레카 국제 공항,BLZ
스톡홀름 브롬마 공항,BMA
붐바 공항,BMB
벨로 수르 치리비히나 공항,BMD
브룸 국제 공항,BME
먼로 카운티 공항,BMG
센트럴 일리노이 공항,BMI
보르쿰 비행장,BMK
바모 공항,BMO
브램턴 아일랜드 공항,BMP
술탄 무하마드 살라후딘 공항,BMU
부온마투옷 공항,BMV
보르지 모크타르 공항,BMW
일 아트 와알라 공항,BMY
내슈빌 국제 공항,BNA
보엔데 공항,BNB
베니 공항,BNC
반다르아바스 국제공항,BND
브리즈번 공항,BNE
베냉 공항,BNI
발리나 바이런 게이트웨이 공항,BNK
브로노이 공항,BNN
바리나스 공항,BNS
바냐루카 국제공항,BNX
벨로나/아누아 공항,BNY
보마 공항,BOA
보라보라 공항,BOB
"보카스 델 토로 ""이슬라 콜론"" 국제공항",BOC
보르도 메리냑 공항,BOD
엘도라도 국제 공항,BOG
본머스 공항,BOH
보이시 에어터미널 ,BOI
부르가스 공항,BOJ
차트라파티 시바지 국제공항,BOM
플라밍고 국제 공항,BON
보되 공항,BOO
로건 국제 공항,BOS
보보 디울라소 공항,BOY
바멘다 공항,BPC
친황다오 베이다이허 공항,BPE
바투나 공항,BPF
바라 두 가르사스 공항,BPG
볼레 알라샨커우 공항,BPL
베굼펫 공항,BPM
술탄 아지 무하마드 술라이만 공항,BPN
포르토 세구로 공항,BPS
잭 브룩스 공항,BPT
창두방다 공항,BPX
베살람피 공항,BPY
발러 공항,BQA
버셀턴 마가렛 리버 공항,BQB
보고로드스코예 공항,BQG
런던 비긴힐 공항,BQH
바타가이 공항,BQJ
브런즈윅 골든 아일즈 공항,BQK
불리아 공항,BQL
라파엘 에르난데스 공항,BQN
이그나티예보 공항,BQS
브레스트 공항,BQT
바레이라스 공항,BRA
바레이리냐스 공항,BRB
산 카를로스 데 바릴로체 공항,BRC
브레이너드 레이크 공항,BRD
브레멘 공항,BRE
바리 카롤 보이티와 공항,BRI
버크 공항,BRK
사우스이스트 아이오와 공항,BRL
하신토 라라 국제 공항,BRM
베른 공항,BRN
사우스 파드레 아일랜드 국제공항,BRO
브르노 투르자니 공항,BRQ
바라 공항,BRR
브리스톨 공항,BRS
배서스트 아일랜드 공항,BRT
브뤼셀 공항,BRU
와일리 포스트 윌 로저스 메모리얼 공항,BRW
마리아 몬테스 국제 공항,BRX
벤더 카심 국제 공항,BSA
브라질리아 국제공항,BSB
호세 셀레스티노 무티스 공항,BSC
바오산 윈두안 공항,BSD
바타 공항,BSG
비스크라 공항,BSK
유로에어포트 바젤 뮐루즈 프라이부르크,BSL
바스코 공항,BSO
벤스바흐 공항,BSP
바스라 국제 공항,BSR
보스트 공항,BST
바산쿠스 공항,BSU
파테인 공항,BSX
베르투아 공항,BTA
바티칼로아 국제공항,BTC
항 나딤 공항,BTH
바터 아일랜드 LRRS 공항,BTI
술탄 이스칸다르 무다 국제공항,BTJ
브라츠크 공항,BTK
W. K. 켈로그 공항,BTL
버트 무니 공항,BTM
배턴루지 메트로폴리탄 공항,BTR
브라티슬라바 공항,BTS
베틀스 공항,BTT
빈툴루 공항,BTU
벌링턴 국제 공항,BTV
바투 리친 공항,BTW
부카 아일랜드 공항,BUA
버크타운 공항,BUC
부다페스트 페렌츠 리스트 국제 공항,BUD
버팔로 나이아가라 국제 공항,BUF
벵겔라 공항,BUG
불롤로 공항,BUL
헤라르도 토바르 로페스 공항,BUN
비자냐 공군기지,BUP
조슈아 음카부코 은코모 국제공항,BUQ
밥 호프 공항,BUR
바투미 국제공항,BUS
바트팔라탕 공항,BUT
무아라 분고 공항,BUU
베토암바리 공항,BUW
부니아 공항,BUX
부셰르 공항,BUZ
보베 틸레 공항,BVA
보아 비스타 국제 공항,BVB
아리스티데스 페레이라 국제공항,BVC
브리브 / 수이락 공항,BVE
베를레보그 공항,BVG
빌헤나 공항,BVH
버즈빌 공항,BVI
고탐 부다 공항,BWA
배로우 아일랜드 공항,BWB
브라운슈바이크 볼프스부르크 공항,BWE
볼링그린 워렌 카운티 공항,BWG
볼티모어/워싱턴 인터내셔널 서굿 마샬 공항,BWI
볼 공항,BWK
브루나이 국제 공항,BWN
발라코보 공항,BWO
버니 공항,BWT
뱅크스타운 공항,BWU
라스 브루하스 공항,BWW
반유왕이 공항,BWX
바보 공항,BXB
벤디고 공항,BXG
발카쉬 공항,BXH
보드룸 임식 공항,BXN
뱀 공항,BXR
PT 바다본탕공항,BXT
반카시 공항,BXU
바웨안 공항,BXW
크라이니 공항,BXY
야쿠이바 공항,BYC
알버트 피카르디 공항,BYF
아칸소 국제 공항,BYH
베자 공항,BYJ
부아케 공항,BYK
카를로스 마누엘 데 세스페데스 공항,BYM
바얀콩고르 공항,BYN
보니토 공항,BYO
바리문야 공항,BYP
라소 공항,BYR
산 페드로 공항,BZA
움베르토 모디아노 공항,BZC
필립 SW 골드슨 국제 공항,BZE
비드고슈치 이그나시 얀 파데레프스키 공항,BZG
발리케시르 공항,BZI
브랸스크 국제 공항,BZK
바리살 공항,BZL
보즈먼 옐로스톤 국제공항,BZN
볼차노 공항,BZO
베지어 캅 다그드 공항,BZR
마야 마야 공항,BZV
바중 엔양 공항,BZX
벨시 국제공항,BZY
카빈다 공항,CAB
카스카벨 공항,CAC
콜럼비아 메트로폴리탄 공항,CAE
카라우아리 공항,CAF
칼리아리 엘마스 공항,CAG
까마우 공항,CAH
카이로 국제 공항,CAI
카나이마 공항,CAJ
애크런 캔턴 공항,CAK
캠벨타운 공항,CAL
광저우 바이윈 국제공항,CAN
클레이튼 시립 비행장,CAO
우고 차베스 국제 공항,CAP
후안 H. 화이트 공항,CAQ
카스카이스 시립 비행장,CAT
카루아루 공항,CAU
바르톨로메우 리산드로 공항,CAW
칼라일 공항,CAX
카이엔 펠릭스 에부에 공항,CAY
코바 공항,CAZ
호르헤 윌스터만 국제 공항,CBB
자동차 니코바르 공군 기지,CBD
케임브리지 공항,CBG
부드게네 벤 알리 로피 공항,CBH
케이프 배런 아일랜드 공항,CBI
카보 로호 공항,CBJ
토마스 데 에레스 공항,CBL
아왕 공항,CBO
마가렛 에크포 국제공항,CBQ
캔버라 공항,CBR
오로 네그로 공항,CBS
카툼벨라 공항,CBT
콧부스 드레비츠 공항,CBU
치모어 공항,CCA
케이블 공항,CCB
하르디네스 델 레이 공항,CCC
카르카손 공항,CCF
콘코르디아 공항,CCI
캘리컷 국제 공항,CCJ
코코스 ,CCK
친칠라 공항,CCL
디오미시오 프레이타스 공항,CCM
차차란 공항,CCN
카리엘 수르 국제공항,CCP
뷰캐넌필드 공항,CCR
시몬 볼리바르 국제 공항,CCS
네타지 수바스 찬드라 보스 국제공항,CCU
크레이그 코브 공항,CCV
카세레스 공항,CCX
처브 케이 국제 공항,CCZ
콜드 베이 공항,CDB
시더 시티 공항,CDC
청더 푸닝 공항,CDE
샤를 드골 공항,CDG
카초에이루 데 이타페미림 공항,CDI
카다파 공항,CDP
채드런 시립공항,CDR
카스테욘 코스타 아자하르 공항,CDT
캠든 공항,CDU
멀 K. 스미스 공항,CDV
막탄 세부 국제공항,CEB
델 노르 카운티 공항,CEC
세두나 공항,CED
체레포베츠 공항,CEE
웨스트오버 메트로폴리탄 공항,CEF
후워든 공항,CEG
첼린다 공항,CEH
치앙라이 국제공항,CEI
첼랴빈스크 공항,CEK
카넬라 공항,CEL
센트럴 공항,CEM
시우다드 오브레곤 국제 공항,CEN
칸 망들리유 공항,CEQ
쉘부르 마우페르투스 공항,CER
코르테즈 시립 공항,CEZ
카보 프리우 국제공항,CFB
카사도르 공항,CFC
클레몽 페랑 오베뉴 공항,CFE
하이메 곤잘레스 공항,CFG
츨레프 국제 공항,CFK
도니골 공항,CFN
콘프레사 공항,CFO
캉 카르피케 공항,CFR
콥스 하버 공항,CFS
코르푸 국제공항,CFU
크레이그 수상비행기 기지,CGA
마레샬 론돈 국제공항,CGB
창더 타오화위안 공항,CGD
상파울루 콩고냐스 공항,CGH
케이프 지라도 공항,CGI
수카르노 하타 국제공항,CGK
카미귄 공항,CGM
쾰른 본 공항,CGN
정저우 신정 국제공항,CGO
샤 아마낫 국제 공항,CGP
장춘 룽지아 국제공항,CGQ
캄포 그란데 국제 공항,CGR
라긴딩안 공항,CGY
채터누가 메트로폴피탄 공항,CHA
크라이스트처치 국제 공항,CHC
차오양 공항,CHG
차차포야스 공항,CHH
테니엔테 FAP 하이메 몽트뢰유 모랄레스 공항,CHM
샬러츠빌 앨버말 공항,CHO
하니아 국제공항,CHQ
샤토룩스 데올 공항,CHR
찰스턴 국제공항,CHS
투우타 공항,CHT
추스발룩 공항,CHU
창위놀라 국제공항,CHX
최슬베이 공항,CHY
참피노 G. B. 파스틴 국제공항,CIA
치코 공항,CIC
이스턴 아이오와 공항,CID
츠펑 위룽 공항,CIF
창즈 왕춘 공항,CIH
아이딘 공항,CII
캡틴 아니발 아랍 공항,CIJ
찰키칙 공항,CIK
치파타 공항,CIP
쉼켄트 국제 공항,CIT
치페와 카운티 국제공항,CIU
카누안 공항,CIW
커널 루이즈 공항,CIX
코미소 공항,CIY
코아리 공항,CIZ
메이저 제네랄 FAP 아르만도 로베레도 이글레시아스 공항,CJA
코임바토르 국제 공항,CJB
엘 로아 공항,CJC
쿤데완나 공항,CJF
청주국제공항,CJJ
치트랄 공항,CJL
춤폰 공항,CJM
찌줄랑 누사위루 공항,CJN
아브라함 곤잘레스 국제 공항,CJS
제주국제공항,CJU
노스 센트럴 웨스트 버지니아 공항,CKB
체르카시 국제 공항,CKC
크룩트 크릭 공항,CKD
충칭 장베이 국제공항,CKG
초쿠르다크 공항,CKH
크로커 아일랜드 공항,CKI
카라하스 공항,CKS
그레엄 로울리 비행장,CKW
치킨 공항,CKX
코나크리 국제공항,CKY
차나칼레 공항,CKZ
매클렐런 팔로마 공항,CLD
클리블랜드 홉킨스 국제 공항,CLE
클루지나포카 국제공항,CLJ
클린턴 공항,CLK
이스터우드 공항,CLL
윌리엄 R. 페어차일드 국제 공항,CLM
알폰소 보닐라 아라곤 국제 공항,CLO
클락스 포인트 공항,CLP
리센시아도 미겔 데 라 마드리드 공항,CLQ
샬럿 더글러스 국제 공항,CLT
콜럼버스 시립공항,CLU
칼다스 노바스 공항,CLV
칼비생트 카트린 공항,CLY
쿤나물라 공항,CMA
반다라나이케 국제공항,CMB
시우다드 델 카르멘 국제 공항,CME
샹베리 액스레뱅 공항,CMF
코룸바 국제공항,CMG
존 글렌 콜럼버스 국제 공항,CMH
일리노이 대학교 윌러드 공항,CMI
치메이 공항,CMJ
클럽 마코콜라 에어포트 ,CMK
모하메드 V 국제공항,CMN
클레르몽 공항,CMQ
침부 공항,CMU
이그나시오 아그라몬테 국제공항,CMW
휴튼 카운티 메모리얼 공항,CMX
코코넛 아일랜드 공항,CNC
미하일 코갈니체아누 국제공항,CND
탄크레도 네베스 국제공항,CNF
장하이 공항,CNI
클론커리 공항,CNJ
신달 공항,CNL
캐번 시티 에어 터미널,CNM
칸누르 국제공항,CNN
네를레리트 이나트 공항,CNP
페르난도 피라진 박사 니베이로 국제공항,CNQ
케언즈 공항,CNS
치앙마이 국제 공항,CNX
캐니언랜즈 필드,CNY
코모도로 피에레스테기 공항,COC
옐로스톤 공항,COD
만딩가 공항,COG
쿠치 베하르 공항,COH
코친 국제공항,COK
콜 공항,COL
캐드훈 공항,COO
최발산공항,COQ
파자스 블랑카스 공항,COR
콜로라도 스프링스 공항,COS
콜럼비아 공항,COU
카푸르가나 공항,CPB
아비아도르 카를로스 캄포스 에어포트,CPC
쿠버 페디 공항,CPD
알베르토 아쿠냐 옹가이 국제공항,CPE
응글로람 공항,CPF
코펜하겐 공항 Kastrup,CPH
데시에르토 데 아타카마 공항,CPO
캐스퍼 내트로나 카운티 국제공항,CPR
세인트루이스 다운타운 공항,CPS
케이프 타운 국제 공항,CPT
캄피나 그란데 공항,CPV
벤자민 리베라 노리에가 공항,CPX
샤레코르드 공항,CQD
칼레 됭케르크 공항,CQF
시우다드 리얼 센트럴 공항,CQM
우룽 셴뉘산 공항,CQW
크라이오바 국제공항,CRA
산타아나 공항,CRC
제너럴 엔리케 모스코니 국제공항,CRD
콜론 힐 공항,CRI
클라크 국제 공항,CRK
브뤼셀 사우스 샤를루아 공항,CRL
카타르만 공항,CRM
코퍼스 크리스티 국제 공항,CRP
카라벨라스 공항,CRQ
코로톤 공항,CRV
예거 공항,CRW
투르크메나바트 공항,CRZ
콜론세이 공항,CSA
콜럼버스 공항,CSG
솔로브키 공항,CSH
캡스컬링 공항,CSK
마그데부르크 코흐슈테트 공항,CSO
산타크루스두술 공항,CSU
창사 황화 국제공항,CSX
체보크사리 공항,CSY
카타니아 폰타나로사 공항,CTA
컷 뱅크 공항,CTB
코로넬 펠리페 바렐라 국제 공항,CTC
치트레 알론소 발데라마 공항,CTD
코아테페크 공항,CTF
라파엘 누녜스 국제공항,CTG
샤를르빌 공항,CTL
체투말 국제 공항,CTM
쿡타운 공항,CTN
신치토세 공항,CTS
청두 솽류 국제공항,CTU
시우다드 콘스티투시온 공항,CUA
카밀로 다자 국제 공항,CUC
마리스칼 라마르 국제공항,CUE
쿠네오 국제 공항,CUF
케이콜커 공항,CUK
바키구알라토 연방 국제공항,CUL
안토니오 호세 데 수크레 공항,CUM
칸쿤 국제 공항,CUN
코엔 공항,CUQ
퀴라소 국제공항,CUR
제너럴 로베르토 피에로 빌라로보스 국제공항,CUU
알레한드로 벨라스코 아스테테 국제공항,CUZ
신시내티/노던 켄터키 국제공항,CVG
제너럴 마리아노 마타모로스 공항,CVJ
제너럴 페드로 J. 멘데스 국제공항,CVM
클로비스 공항,CVN
카나본 공항,CVQ
코번트리 공항,CVT
코르보 공항,CVU
센트럴 위스콘신 공항,CWA
아폰소 페나 국제 공항,CWB
체르니우치 국제공항,CWC
첸노 국제 공항,CWF
클린턴 공항,CWI
창위안 와산 공항,CWJ
카디프 공항,CWL
콕스 바자르 공항,CXB
콜드풋 공항,CXF
밴쿠버 하버 비행 센터,CXH
캐시디 국제 공항,CXI
카시아스두술 공항,CXJ
론스타 이그제큐티브 공항,CXO
퉁굴 우룽 공항,CXP
깜라인 국제공항,CXR
앙투안 시몽 공항,CYA
찰스 커코넬 국제 공항,CYB
카예 채플 공항,CYC
산 이그나시오 타운 활주로,CYD
체포르낙 공항,CYF
자이 공항,CYI
빌로 아쿠냐 공항,CYO
칼바요그 공항,CYP
샤이엔 지역공항,CYS
쿠요 공항,CYU
체르스키 공항,CYX
카우아얀 공항,CYZ
치첸이트사 국제공항,CZA
호세 레오나르도 치리노 공항,CZE
코로잘 공항,CZH
코라손 데 헤수스 공항,CZJ
모하메드 부디아프 국제 공항,CZL
코수멜 국제 공항,CZM
치사나 공항,CZN
크루제이루두술 국제공항,CZS
라스 브루하스 공항,CZU
창저우 베니우 공항,CZX
데이토나 비치 국제 공항,DAB
샤잘랄 국제공항,DAC
다낭 국제 공항,DAD
댈러스 러브 필드,DAL
다마스쿠스 국제 공항,DAM
줄리어스 니에레레 국제 공항,DAR
다퉁 윈강 공항,DAT
다루 공항,DAU
엔리케 말렉 국제 공항,DAV
다저우 허스 공항,DAX
데이턴 국제 공항,DAY
달반딘 공항,DBA
알 알라마인 국제공항,DBB
바이청 장안 공항,DBC
더보 시티 공항,DBO
더뷰크 공항,DBQ
다르방가 공항,DBR
담불루 오야 탱크 수상비행기 기지,DBU
두브로브니크 공항,DBV
로널드 레이건 워싱턴 내셔널 공항,DCA
케인필드 공항,DCF
두바이 크릭 수상비행기 기지,DCG
카스트레스 마자메트 공항,DCM
호주왕립공군군사기지 베이스 커틴,DCN
다오청 야딩 공항,DCY
닷지 시티 공항,DDC
다알루 공항,DDD
단동 랑터우 공항,DDG
다두 공항,DDU
데라 가지 칸 국제 공항,DEA
데브레첸 국제 공항,DEB
디케 이터 공항,DEC
졸리 그랜트 공항,DED
유즈노쿠릴스크 멘델레예보 공항,DEE
데즈풀 공항,DEF
인디라 간디 국제 공항,DEL
뎀비돌로 공항,DEM
덴버 국제 공항,DEN
다포리조 공항,DEP
콜맨 A. 영 국제 공항,DET
놉 골리앗 데카이 공항,DEX
데이르에조르 공항,DEZ
댈러스/포트워스 국제공항,DFW
당그리가 공항,DGA
머지 공항,DGE
데오가르 공항,DGH
제너럴 과달루페 빅토리아 국제공항,DGO
시불란 공항,DGT
당가디 공항,DHI
개갈 공항,DHM
도탄 공항,DHN
드 쿠이 비행장,DHR
디브루가르 공항,DIB
아라차트 공항,DIE
디칭 샹그릴라 공항,DIG
디종 공군기지,DIJ
디킨슨 시어도어 루즈벨트 공항,DIK
프레지덴테 니콜라우 로바토 국제공항,DIL
디엔비엔푸 공항,DIN
디오메데 헬리포트,DIO
디비노폴리스 공항,DIQ
아바 테나 데자즈마흐 일마 국제공항,DIR
돌리시 공항,DIS
디우 공항,DIU
마웰라 라군 수상비행기 기지,DIW
디야르바키르 공항,DIY
술탄 타하 공항,DJB
제르바 자르지스 국제공항,DJE
티스카 자네트 공항,DJG
제벨 알리 수상비행기 기지,DJH
센타니 공항,DJJ
잠발라 공항,DJM
델타 정션 공항,DJN
달로아 공항,DJO
카치나 공항,DKA
덩크 아일랜드 공항,DKI
레오폴드 세다르 셍호르 국제공항,DKR
딕슨 공항,DKS
두알라 국제공항,DLA
다롄 저우수이쯔 국제공항,DLC
돌 쥐라 공항,DLE
딜링햄 공항,DLG
덜루스 국제 공항,DLH
리엔크엉 공항,DLI
달라만 공항,DLM
다리 공항,DLU
딜런스 베이 공항,DLY
달란자드가드 공항,DLZ
데이비스 몬탄 공군기지,DMA
타라즈 공항,DMB
두마지 공항,DMD
도모데도보 국제공항,DME
돈므앙 국제공항,DMK
킹 파드 국제 공항,DMM
디마푸르 공항,DMU
가데나 기지,DNA
던디 공항,DND
둔황 공항,DNH
드니프로 국제 공항,DNK
데닐리퀸 공항,DNQ
디나르 플뢰르튀 생 말로 공항,DNR
버밀리언 공항,DNV
데니즐리 차닥 공항,DNZ
도보 공항,DOB
도도마 공항,DOD
동골라 공항,DOG
하마드 국제 공항,DOH
도네츠크 국제 공항,DOK
도빌 생가티안 공항,DOL
더글러스 찰스 공항,DOM
돌파 공항,DOP
두라도스 공항,DOU
도버 공군기지,DOV
동영 셩리 공항,DOY
뒤페이지 공항,DPA
팜파 과나코 공항,DPB
디포로그 공항,DPL
데본포트 공항,DPO
응우라라이 국제공항,DPS
데푸타츠키 공항,DPT
다칭 사르투 공항,DQA
두쿰 국제공항,DQM
더비 공항,DRB
디어링 공항,DRG
드레이크 베이 공항,DRK
두랑고 라플라타 카운티 공항,DRO
비콜 국제공항,DRP
드레스덴 공항,DRS
델 리오 국제 공항,DRT
다라반두 공항,DRV
다윈 국제 공항,DRW
로빈훗 돈캐스터 쉐필드 공항,DSA
콤볼차 공항,DSE
데스틴 이그제큐티브 공항,DSI
데라 이스마일 칸 공항,DSK
디모인 국제 공항,DSM
오르도스 에진 호로 공항,DSN
블레즈 디아뉴 국제 공항,DSS
실랑깃 공항,DTB
다타다와이 공항,DTD
디아만티나 공항,DTI
도르트문트 공항,DTM
우달리안치 공항,DTU
디트로이트 메트로폴리탄 웨인 카운티 공항,DTW
더블린 공항,DUB
더니든 국제 공항,DUD
둔도 공항,DUE
두보이스 공항,DUJ
피낭 캄파이 공항,DUM
킹 샤카 국제 공항,DUR
뒤셀도르프 공항,DUS
어널래스카 공항,DUT
안다바도아카 공항,DVD
데블스 레이크 리저널 공항,DVL
프란시스코 방고이 국제공항,DVO
피닉스 디어 밸리 공항,DVT
소알랄라 공항,DWB
알 막툼 국제 공항,DWC
다와드미 국내선 공항,DWD
디야완나 오야 수상비행기 기지,DWO
두바이 국제 공항,DXB
브루스 캠벨 필드 ,DXE
댄버리 공항,DXR
장자제 허화 공항,DYG
우골니 공항,DYR
두샨베 국제 공항,DYU
자우지 파만지 국제공항,DZA
다저우 진야 공항,DZH
제즈카즈간 공항,DZN
시오 공항,EAE
엘레낙 공항,EAL
나즈란 국내선 공항,EAM
카니 공항,EAR
산 세바스티안 공항,EAS
팽본 메모리얼 공항,EAT
치페와 밸리 공항,EAU
마리나 디 캄포 공항,EBA
엔테베 국제 공항,EBB
엘 오베이드 공항,EBD
엘 바그레 공항,EBG
엘 바야드 공항,EBH
에스비에르 공항,EBJ
에르빌 국제 공항,EBL
에본 공항,EBO
생테티엔 부테옹 공항,EBU
코스타 에스메랄다 공항,ECI
에르칸 국제공항,ECN
노스웨스트 플로리다 비치 국제공항,ECP
에드나 베이 수상비행기 기지,EDA
에든버러 공항,EDI
엘도레트 국제 공항,EDL
발리케시르 코카 세이이트 공항,EDO
에드워드 리버 공항,EDR
에드워즈 공군기지,EDW
에크 공항,EEK
엘링턴 필드,EFD
케팔로니아 국제 공항,EFL
베르주라크 도르도뉴 페리고르 공항,EGC
이글 카운티 공항,EGE
세게 공항,EGM
제네나 공항,EGN
벨고로트 국제 공항,EGO
에질스스타디르 공항,EGS
이글 리버 유니언 공항,EGV
에게직 공항,EGX
엘 볼손 공항,EHL
어저우 화후 공항,EHU
예이스크 공항,EIK
아일슨 공군기지,EIL
아인트호벤 공항,EIN
테런스 B. 레섬 국제공항,EIS
야리기에스 공항,EJA
알 와즈 국내선 공항,EJH
에진 배너 타오라이 공항,EJN
에네짓 공항,EJT
엘코 공항,EKO
샤흐티오르스크 공항,EKS
엘초 아일랜드 공항,ELC
사우스 아칸소 공항앳 굿윈 필드,ELD
엘 파셔 공항,ELF
엘 골레아 공항,ELG
노스 엘레우테라 공항,ELH
엘림 공항,ELI
엘리스라스 공항,ELL
엘미라 코닝 지역 공항,ELM
엘패소 국제 공항,ELP
프린스 나예프 빈 압둘아지즈 공항,ELQ
이스트 런던 공항,ELS
엘 토르 공항,ELT
게마르 공항,ELU
엘핀 코브 수상비행기 기지,ELV
엘리 공항,ELY
이스트 미들랜드 공항,EMA
에메랄드 공항,EMD
엠모낙 공항,EMK
엠멘 공군기지,EML
네마 공항,EMN
이모 공항,EMO
케나이 공항,ENA
H. 하산 아로보에스만 공항,ENE
에논테키외 공항,ENF
엔스 쉬자핑 공항,ENH
엘니도 공항,ENI
테니엔테 아민 아유브 곤잘레스 공항,ENO
엔스헤데 공항트벤테,ENS
에네웨탁 보조 비행장,ENT
아카누 이비암 국제공항,ENU
케노샤 공항,ENW
옌안 난니완 공항,ENY
올라야 헤레라 공항,EOH
이데이 공항,EOI
엘 팔로마 공항,EPA
에피날 미르쿠르 공항,EPL
에스페란스 공항,EPR
페르누 공항,EPU
에스켈 공항,EQS
에르진칸 공항,ERC
에르푸르트 바이마르 공항,ERF
에르보가첸 공항,ERG
물레이 알리 체리프 공항,ERH
이리 국제공항,ERI
에렌호터 사이우스 국제공항,ERL
에레킴 공항,ERM
에이루네페 공항,ERN
엘로즈 공항,ERQ
에로스 공항,ERS
에르주룸 공항,ERZ
에센보아 국제공항,ESB
델타 카운티 공항,ESC
오르카스 아일랜드 공항,ESD
닥터 루이스 마리아 아르가냐 국제공항,ESG
쇼어햄 공항,ESH
엘리스타 공항,ESL
카를로스 콘차 토레스 국제 공항,ESM
리카르도 가르시아 포사다 공항,ESR
에센/뮬하임 공항,ESS
에사우이라 모가도르 공항,ESU
라몬 공항,ETM
산타 로사 국제 공항,ETR
메스 낭시 로렌 공항,ETZ
우아 공항,EUA
유진 공항,EUG
하산 I 공항,EUN
에벨리오 하비에르 공항,EUQ
F.D. 루즈벨트 공항,EUX
벤 브루스 메모리얼 에어파크,EVA
하르스타드/나르비크 공항 에베네스,EVE
스베그 공항,EVG
즈바르트노츠 국제 공항,EVN
에반스빌 공항,EVV
뉴 베드퍼드 공항,EWB
이워 공항,EWE
에나로탈리 공항,EWI
코스탈 캐롤라이나 공항,EWN
뉴어크 리버티 국제공항,EWR
Excursion 입구 해저면 기지,EXI
엑서터 국제 공항,EXT
벨로야르스크 공항,EYK
엘 알카라반 공항,EYP
키웨스트 국제 공항,EYW
미니스트로 피스타리니 국제공항,EZE
엘라지그 공항,EZS
베리조보 공항,EZV
파라나 공항,FAA
판버러 공항,FAB
파이테 공항,FAC
바가르 공항,FAE
파라 공항,FAH
페어뱅크스 국제 공항,FAI
파로 공항,FAO
헥터 국제 공항,FAR
프레즈노 요세미티 국제 공항,FAT
파후드 공항,FAU
파카라바 공항,FAV
페이엇빌 리저널 공항,FAY
파사 공항,FAZ
폰테 보아 공항,FBA
파이자바드 공항,FBD
프란시스코 벨트랑 공항,FBE
루붐바시 국제공항,FBM
프라이데이 하버 수상비행기 기지,FBS
글레이셔 파크 국제공항,FCA
해상 공항쿡스하펜/노르드홀츠,FCN
레오나르도 다빈치 피우미치노 공항,FCO
브린절랜드 공항,FDE
마르티니크 에메 세자르 국제 공항,FDF
프리드리히스하펜 공항,FDH
페이라 데 산타나 공항,FEC
페르가나 국제 공항,FEG
페르난도 데 노로냐 공항,FEN
페스 사이스 공항,FEZ
파갈리 공항,FGI
팡가타우 공항,FGU
시에라 비스타 시립공항,FHU
파카히나 공항,FHZ
페어 아일 공항,FIE
은질리 공항,FIH
피츠로이 크로싱 공항,FIZ
푸자이라 국제 공항,FJR
카를스루에/바덴바덴 공항,FKB
방고카 국제 공항,FKI
베넹고 지역 공항,FKL
팍팍 토레아 공항,FKQ
후쿠시마 공항,FKS
구스타보 아르툰두아가 파레데스 공항,FLA
플래그스태프 풀리엄 공항,FLG
홀트 공항,FLI
포트로더데일 할리우드 국제공항,FLL
에르실리오 루스 국제 공항,FLN
피렌체 공항,FLO
피렌체 공항 페레톨라,FLR
플린더스 아일랜드 공항,FLS
플로레스 공항,FLW
페르디난드 룸반 토빙 공항,FLZ
포르모사 국제공항,FMA
칼레미 공항,FMI
메밍겐 공항,FMM
포코너스 공항,FMN
뮌스터 오스나브뤼크 공항,FMO
페이지 필드,FMY
룽기 국제공항,FNA
노이브란덴부르크 공항,FNB
마데이라 공항,FNC
푸나드후 공항,FND
페네 공항,FNE
님알레스 카마르그 세벤느 공항,FNI
평양 순안국제공항,FNJ
포트콜린스 러브랜드 공항,FNL
비숍 국제 공항,FNT
풀라 비행장,FOA
푸저우 창러 국제공항,FOC
포트닷지 공항,FOD
토피카 공항,FOE
포지아 공항,FOG
라 포르투나 아레날 공항,FON
핀토 마틴스 포르탈레자 국제공항,FOR
포야 공항,FOY
그랜드 바하마 국제 공항,FPO
프랑크푸르트 공항,FRA
프랑카 공항,FRC
프라이데이 하버 공항,FRD
페라 공항,FRE
리퍼블릭 공항,FRG
포를리 국제공항,FRL
플로로 공항,FRO
문도 마야 국제 공항,FRS
마나스 국제 공항,FRU
프랜시스타운 공항,FRW
피가리 수드 코르세 공항,FSC
수폴스 지역공항,FSD
포트 스미스 공항,FSM
생피에르 공항,FSP
시즈오카 공항,FSZ
푸투나 공항,FTA
코만단테 아르만도 톨라 국제공항,FTE
피티우타 공항,FTI
톨라나로 공항,FTU
포트워스 미컴 국제공항,FTW
풀턴 카운티 공항,FTY
푸에르테벤투라 공항,FUE
푸양 시관 공항,FUG
후쿠에 공항,FUJ
후쿠오카 공항,FUK
푸나푸티 국제공항,FUN
포산 샤디 공항,FUO
포인트 벨레 공항,FUT
푸바물라 공항,FVM
포트 웨인 국제 공항,FWA
포트로더데일 이그제큐티브 공항,FXE
쿠암바 공항,FXO
푸위안 둥지 공항,FYJ
푸윈 콕토케이 공항,FYN
파야 라조 공항,FYT
포트 유콘 공항,FYU
드레이크 필드 공항,FYV
푸쭈리 국제공항,FZL
그라시아스 공항,GAC
가베스 마트마타 국제공항,GAE
가프사 크사르 국제공항,GAF
야마가타 공항,GAJ
에드워드 G. 피트카 시니어 공항,GAL
갬벨 공항,GAM
간 국제 공항,GAN
마리아나 그라할레스 공항,GAO
가오 국제공항,GAQ
가리사 공항,GAS
록프리야 고피나트 보르돌로이 국제공항,GAU
감바 공항,GAX
가야 공항,GAY
카발라 국제 공항,GBB
그레이트 벤드 공항,GBD
세레체 카마 경 국제 공항,GBE
칼라부라기 공항,GBI
사우스 골번 아일랜드 공항,GBL
고간 공항,GBT
긴바타 공항,GBW
질레트 캠벨 카운티 공항,GCC
가흐사란 공항,GCH
건지 공항,GCI
그랜드 센트럴 공항,GCJ
가든 시티 공항,GCK
오웬 로버츠 국제 공항,GCM
그랜드캐니언 국립공원 공항,GCN
그랜드 캐니언 바 10 공항,GCT
그랜드캐니언 웨스트 공항,GCW
고데 공항,GDE
과달라하라 국제공항,GDL
그단스크 레흐 바웬사 공항,GDN
과스두알리토 공항,GDO
곤다르 공항,GDQ
JAGS 매카트니 국제공항,GDT
도슨 커뮤니티 공항,GDV
소콜 공항,GDX
겔렌지크 공항,GDZ
누메아 마젠타 공항,GEA
스포캔 국제 공항,GEG
세페 티아라주 공항,GEL
프레지던트 오비앙 응게마 국제공항,GEM
체디 자간 국제 공항,GEO
라파엘 카브레라 무스텔리에 공항,GER
제너럴 산토스 국제공항,GES
제럴턴 공항,GET
옐리바레 공항,GEV
그리피스 공항,GFF
그랜드 폭스 국제 공항,GFK
클래런스 밸리 공항,GFN
이스트 텍사스 공항,GGG
카카메가 공항,GGM
가로웨 국제공항,GGR
엑수마 국제 공항,GGT
글래스고 공항,GGW
누메라트 무프디 자카리아 공항,GHA
거버너스하버 공항,GHB
그레이트 하버 케이 공항,GHC
가라치네 공항,GHE
웨스트 쿠타이 멜라란 공항,GHS
가트 공항,GHT
브라쇼브 김바브 국제공항,GHV
지브롤터 국제공항,GIB
보이구 아일랜드 공항,GIC
리우데자네이루 갈레앙 국제공항,GIG
길기트 공항,GIL
기즈번 공항,GIS
게이타 공항,GIT
시기리야 공항,GIU
지잔 지역공항,GIZ
과나하 공항,GJA
지젤 퍼헷 하버스 공항,GJL
요구르 공항,GJR
워커 필드 공항,GJT
고로카 공항,GKA
쿠두 공항,GKK
글래스고 공항,GLA
골피토 공항,GLF
미드델타 공항,GLH
압둘라히 유수프 국제공항,GLK
겔밈 공항,GLN
글로스터셔 공항,GLO
글래드스톤 공항,GLT
겔레푸 공항,GLU
골로빈 공항,GLV
가마르 말라모 공항,GLX
게메나 공항,GMA
감벨라 공항,GMB
벤슬리만 공항,GMD
고멜 공항,GME
곰베 라완티 국제공항,GMO
김포국제공항,GMP
골로그 마친 공항,GMQ
톳트제리 공항,GMR
라 고메라 공항,GMZ
그로드노 공항,GNA
그르노블 이세르 공항,GNB
모리스 비숍 국제 공항,GND
류다오 공항,GNI
간자 국제 공항,GNJ
구아남비 공항,GNM
비나카 공항,GNS
굿뉴스 공항,GNU
게인즈빌 공항,GNV
산리우르파 GAP 공항,GNY
제노아 크리스토포로 콜롬보 공항,GOA
로브 공항,GOB
누크 공항,GOH
다보림 공항,GOI
니즈니 노브고로드 국제공항,GOJ
고마 국제 공항,GOM
고락푸르 공항,GOP
골무드 공항,GOQ
예테보리 란드베테르 공항,GOT
가루아 국제 공항,GOU
고브 공항,GOV
마노하르 국제 공항,GOX
고르나 오리야호비차 공항,GOZ
아락소스 공항,GPA
탄크레도 토마스 데 파리아 공항,GPB
마운트 고든 공항,GPD
구아피 공항,GPI
가든 포인트 공항,GPN
제너럴 피코 공항,GPO
시모어 공항,GPS
걸프포트 빌럭시 국제공항,GPT
오스틴 스트라우벨 국제 공항,GRB
그린우드 카운티 공항,GRD
회색 육군 비행장,GRF
센트럴 네브래스카 공항,GRI
조지 공항,GRJ
킬린 포트 후드 공항,GRK
고든 공항,GRN
지로나 코스타 브라바 공항,GRO
흐로닝언 공항Eelde,GRQ
제럴드 R. 포드 국제 공항,GRR
그로세토 공항,GRS
과룰류스 고베르나도르 안드레 프랑코 몬투로 국제공항,GRU
그로즈니 공항,GRV
그라시오사 공항,GRW
페데리코 가르시아 로르카 공항,GRX
그림지 공항,GRY
그라츠 공항,GRZ
롱 파시아 공항,GSA
예테보리 공항,GSE
Dayrestan 공항(케심 국제공항,GSM
피드몬트 트라이어드 국제 공항,GSO
그린빌 스파르탄버그 국제공항,GSP
샤르크 알 오와이낫 공항,GSQ
구스타프 공항,GST
사라토프 가가린 공항,GSV
가토카에 비행장,GTA
알리앵굴라 공항,GTE
그레이트 폴스 국제 공항,GTF
잘랄루딘 공항,GTO
그랜트 패스 공항,GTP
골든 트라이앵글 공항,GTR
더 그래니테스 공항,GTS
키라위라 B 활주로,GTZ
라 아우로라 국제 공항,GUA
게레로 네그로 공항,GUB
거니슨 크레스티드 뷰트 공항,GUC
잭 에드워즈 공항,GUF
안토니오 B. 원 팻 국제공항,GUM
거니 공항,GUR
아티라우 공항,GUW
과라파리 공항,GUZ
제네바 공항,GVA
소베츠카야 가반 공항,GVN
코로넬 알티노 마차도 데 올리베이라 에어포트,GVR
과다르 국제 공항,GWD
괄리오르 공항,GWL
그린우드 르플로르 공항,GWO
실트 공항,GWT
골웨이 공항,GWY
사윤공항,GXF
간난 샤허 공항,GXH
과야라메린 공항,GYA
헤이다르 알리예프 국제 공항,GYD
호세 호아킨 데 올메도 국제 공항,GYE
마간 공항,GYG
기세니 공항,GYI
아가일 공항,GYL
제너럴 호세 마리아 야녜스 국제공항,GYM
산타 제노베바 공항,GYN
피닉스 굿이어 공항,GYR
광위안 판룽 공항,GYS
구위안 류판산 공항,GYU
그뤼에르 공항,GYZ
가르제 게사르 공항,GZG
가즈니 공항,GZI
누사투페 공항,GZO
가지파샤 알란야 공항,GZP
가지안테프 오우젤리 국제공항,GZT
하스비크 공항,HAA
하치조지마 공항,HAC
할름스타드 공항,HAD
프린스 사이드 이브라힘 국제 공항,HAH
하노버 공항,HAJ
하이커우 메이란 국제공항,HAK
함부르크 공항,HAM
노이바이 국제공항,HAN
하니마두 국제공항,HAQ
캐피털 시티 공항,HAR
하일 공항,HAS
카모이 공항,HAU
호세 마르티 국제 공항,HAV
호바트 국제 공항,HBA
보르그 엘 아랍 공항,HBE
치롄 공항,HBQ
불간 공항 Khovd,HBU
후블리 공항,HBX
허치 진청장 공항,HCJ
헝춘 공항,HCN
홀스 크릭 공항,HCQ
홀리 크로스 공항,HCR
첸저우 베이후 공항,HCZ
하이데라바드 공항,HDD
헤링스도르프 공항,HDF
한단공항,HDG
쿨후후푸시 공항,HDK
하마단 공항,HDM
얌파 밸리 공항,HDN
공군 기지 호즈프룻,HDS
핫야이 국제공항,HDY
헤라트 국제 공항,HEA
헤호 공항,HEH
헤이허 공항,HEK
헬싱키 공항,HEL
헬싱키 말미 공항,HEM
이라클리온 국제공항,HER
후허하오터 바이타 국제공항,HET
나체즈 애덤스 카운티 공항,HEZ
하이파 공항,HFA
하트퍼드 브레이너드 공항,HFD
허페이 신차오 국제공항,HFE
호르나피외르뒤르 공항,HFN
하그포르스 공항,HFS
함메르페스트 공항,HFT
하르게이사 국제공항,HGA
휴엔덴 공항,HGD
항저우 샤오산 국제공항,HGH
팔로이치 공항,HGI
헬리고랜드 비행장,HGL
매홍손 공항,HGN
코로고 공항,HGO
헤이거즈타운 지역공항,HGR
마운트 하겐 공항,HGU
힐튼 헤드 공항,HHH
프랑크푸르트 한 공항,HHN
후아힌 공항,HHQ
호손 시립공항,HHR
히쿠에루 공항,HHZ
화이안 롄수이 공항,HIA
레인지 공항,HIB
혼 아일랜드 공항,HID
히로시마 공항,HIJ
실라보 공항,HIL
힌구락고다 공항,HIM
사천공항,HIN
호니아라 국제 공항,HIR
화이아 지장 공항,HJJ
카주라호 민간 비행장,HJR
힐리 레이크 공항,HKB
하코다테 공항,HKD
홍콩 국제공항,HKG
호키티카 공항,HKK
호스킨스 공항,HKN
호킨스 필드,HKS
푸켓 국제 공항,HKT
란세리아 국제 공항,HLA
후룬베이얼 하이라얼 공항,HLD
세인트 헬레나 공항,HLE
울란하오터 공항,HLH
헬레나 공항,HLN
할림 페르다나쿠수마 국제공항,HLP
해밀턴 공항,HLT
해밀턴 공항,HLZ
한티 만시스크 공항,HMA
서학국제공항,HMB
우에드 이라라 크림 벨카젬 공항,HME
하미 공항,HMI
크멜니츠키 공항,HMJ
제너럴 이그나시오 페스케이라 가르시아 국제공항,HMO
히마밴 공항,HMV
하나마키 공항,HNA
하네다 공항,HND
후나 공항,HNH
호놀룰루 국제 공항,HNL
하나공항,HNM
하인즈 공항,HNS
헝양 난웨 공항,HNY
레아 카운티 공항,HOB
호데이다 국제 공항,HOD
반 후오이세이 공항,HOE
알아사 국제공항,HOF
프랭크 파이스 공항,HOG
하오 공항,HOI
호머 공항,HOM
휴런 공항,HON
캠벨 육군 비행장,HOP
호프 플라우엔 공항,HOQ
호르타 공항,HOR
초스 말랄 공항,HOS
메모리얼필드 공항,HOT
윌리엄 P. 하비 공항,HOU
호프덴 공항,HOV
호말린 공항,HOX
리푸카 아일랜드 공항,HPA
후퍼 베이 공항,HPB
선농자 홍핑 공항,HPG
깟비 국제공항,HPH
웨스트체스터 카운티 공항,HPN
하얼빈 타이핑 국제공항,HRB
하라레 국제 공항,HRE
후르가다 국제 공항,HRG
마탈라 라자팍사 국제공항,HRI
하르키우 국제공항,HRK
밸리 국제 공항,HRL
하시르멜 공항,HRM
분 카운티 공항,HRO
하즈렛 술탄 국제 공항,HSA
샤오관 구이터우 공항,HSC
사가공항,HSG
우에스카 피리네오스 공항,HSK
후슬리아 공항,HSL
저우산 푸퉈산 공항,HSN
라지코트 국제 공항,HSR
히사르 공항,HSS
헌츠빌 국제공항,HSV
치타 국제공항,HTA
카탕가 공항,HTG
해밀턴 아일랜드 공항,HTI
카트갈 공항,HTM
호탄 공항,HTN
이스트 햄프턴 공항,HTO
트라이 스테이트 공항,HTS
화투구 공항,HTT
하타이 공항,HTY
휴메라 공항,HUE
테레 호트 국제공항,HUF
후아히네 요금 공항,HUH
푸바이 국제공항,HUI
화롄 공항,HUN
홀링골 훠린허 공항,HUO
훈 공항,HUQ
휴즈 공항,HUS
알페레스 FAP 다비드 피게로아 페르난디니 공항,HUU
프란시스코 코레아 다 크루즈 공항,HUW
바이아스 데 우아툴코 국제공항,HUX
험버사이드 공항,HUY
후이저우 핑탄 공항,HUZ
허비 베이 공항,HVB
호브드 공항,HVD
발란 공항,HVG
트위드 뉴 헤이븐 공항,HVN
하브르 시티 카운티 공항,HVR
헤이워드 이그제큐티브 공항,HWD
노스 페리 공항,HWO
델링하 공항,HXD
반스터블 뮤니시펄 공항,HYA
라지브 간디 국제 공항,HYD
하이다버그 수상비행기 기지,HYG
홀리스 클라크 베이 수상비행기 기지,HYL
타이저우 루차오 공항,HYN
헤이스 공항,HYS
허쩌 무단 공항,HZA
한중 청구 공항,HZG
리핑 공항,HZH
후사비크 공항,HZK
이가르카 공항,IAA
워싱턴 덜레스 국제 공항,IAD
나이아가라 폭포 국제 공항,IAG
조지 부시 인터컨티넨털 공항,IAH
아메나스 공항,IAM
밥 베이커 메모리얼 공항,IAN
사약 공항,IAO
투노쉬나 공항,IAR
이아시 국제공항,IAS
이바단 공항,IBA
페랄레스 공항,IBE
이바라키공항,IBR
이비자 공항,IBZ
시시아 공항,ICI
인천국제공항,ICN
시코곤 공항,ICO
위치타 드와이트 D. 아이젠하워 내셔널 공항,ICT
아이다호폴스 공항,IDA
데비 아힐랴바이 홀카르 국제공항,IDR
지엘로나 고라 공항,IEG
키예프 국제공항,IEV
이사피외르뒤르 공항,IFJ
이스파한 국제공항,IFN
이바노프란키우스크 국제공항,IFO
라플린/불헤드 국제공항,IFP
이푸루 공항,IFU
이나과 공항,IGA
이체르 공항,IGD
이기우그 공항,IGG
킹맨 공항,IGM
카타라타스 델 이구아수 국제공항,IGR
잉골슈타트 만칭 공항,IGS
마가스 공항,IGT
포스두이구아수 국제공항,IGU
이란샤르 공항,IHR
이니쉬만 비행장,IIA
일람 공항,IIL
이젭스크 공항,IJK
테헤란 이맘 호메이니 국제 공항,IKA
이키 공항,IKI
니콜스키 비행장,IKO
틱시 공항,IKS
이르쿠츠크 국제 공항,IKT
이시크쿨 국제공항,IKU
레이다 알게이르 공항,ILD
윌밍턴 공항,ILG
일리암나 공항,ILI
윌밍턴 국제 공항,ILM
윌밍턴 에어파크,ILN
일로일로 국제 공항,ILO
일데팽 공항,ILP
일로 공항,ILQ
일로린 국제 공항,ILR
아일레이 공항,ILY
질리나 공항,ILZ
임팔 국제공항,IMF
시미콧 공항,IMK
제미오 공항,IMO
임페라트리즈 공항,IMP
마쿠 국제 공항,IMQ
포드 공항,IMT
인타 공항,INA
인디펜던스 공항,INB
인촨 허둥 국제공항,INC
인디애나폴리스 국제 공항,IND
에 Guezzam 공항,INF
이냠바네 공항,INH
니시 콘스탄티누스 대왕 공항,INI
폴스 국제 공항,INL
인스부르크 공항,INN
이농고 공항,INO
이니쉬어 비행장,INQ
스미스 레이놀즈 공항,INT
나우루 국제 공항,INU
인버네스 공항,INV
살라 공항 위치,INZ
이오안니나 내셔널 공항,IOA
맨섬 공항,IOM
이니시모어 비행장,IOR
일레우스 호르헤 아마도 공항,IOS
일러슈트 헬리포트,IOT
이포타 공항,IPA
마타베리 국제공항,IPC
술탄 아즐란 샤 공항,IPH
산 루이스 공항,IPI
임페리얼 카운티 공항,IPL
우시미나스 공항,IPN
윌리엄스포트 공항,IPT
산 이시드로 데 엘 제네랄 공항,IPZ
치에모 공항,IQM
칭양 공항,IQN
디에고 아라세나 국제 공항,IQQ
코로넬 FAP 프란시스코 세카다 비네타 국제공항,IQT
키라키라 공항,IRA
서클시티 공항,IRC
이쉬와르디 공항,IRD
이레세 공항,IRE
록하트 리버 공항,IRG
이링가 공항,IRI
카피탄 비센테 알만도스 알모나시드 공항,IRJ
커크스빌 공항,IRK
이그림공항,IRM
마타리 공항,IRP
타푸루콰라 공항,IRZ
마운트 이사 공항,ISA
이슬라마바드 국제 공항,ISB
세인트 메리스 공항,ISC
이스파르타 쉴레이만 데미렐 공항,ISE
신이시가키 공항,ISG
오자르 공항,ISK
이스탄불 아타튀르크 공항,ISL
슬룰린 필드 국제 공항,ISN
킨스턴 지역 제트포트,ISO
롱 아일랜드 맥아더 공항,ISP
이스탄불 공항,IST
술라이마니야 국제공항,ISU
이타이투바 공항,ITB
이타카 톰킨스 공항,ITH
이토카마 공항,ITK
오사카 국제공항,ITM
힐로 국제 공항,ITO
이투럽 공항,ITU
니우에 국제공항,IUE
인버카길 공항,IVC
이발로 공항,IVL
인버렐 공항,IVR
이바노보 유즈니 공항,IWA
고게빅 아이언 카운티 공항,IWD
이와미 공항,IWJ
해병대 비행장 이와쿠니,IWK
이오지마 공군기지,IWO
아가탈라 공항,IXA
바그도그라 공항,IXB
찬디가르 공항,IXC
알라하바드 공항,IXD
망갈로르 공항,IXE
벨가움 공항,IXG
릴라바리 공항,IXI
잠무 공항,IXJ
케쇼드 공항,IXK
쿠속 바쿨라 림포체 공항,IXL
마두라이 공항,IXM
파탄코트 공항,IXP
카말푸르 공항,IXQ
비르사 문다 공항,IXR
실차르 공항,IXS
파시가트 공항,IXT
아우랑가바드 공항,IXU
알라오 공항,IXV
소나리 공항,IXW
비다르 공항,IXX
칸들라 공항,IXY
비어 사바르카르 국제공항,IXZ
인요컨 공항,IYK
프레지덴테 이타마르 프랑코 공항,IZA
이즈모 공항,IZO
익스테펙 공항,IZT
잘랄라바드 공항,JAA
잭슨홀 공항,JAC
잔다콧 공항,JAD
하엔 공항,JAE
자프나 국제 공항,JAF
자이푸르 국제 공항,JAI
자크멜 공항,JAK
엘 렌세로 공항,JAL
잭슨 에버스 국제공항,JAN
자롬 공항,JAR
프란시스코 칼레 공항,JAU
일루리사트 공항,JAV
잭슨빌 국제 공항,JAX
노토하디네고로 공항,JBB
라 이사벨라 국제공항,JBQ
존즈버러 공항,JBR
산타 테레지냐 공항,JCB
뉴 센추리 에어센터,JCI
줄리아 크릭 공항,JCK
프란시스코 알바레스 데 아시스 공항,JDF
조드푸르 공항,JDH
주아제이로 도 노르 공항,JDO
프레페이토 옥타비오 데 알메이다 네베스 공항,JDR
징더전 뤄지아 공항,JDZ
킹 압둘아지즈 국제공항,JED
제레미 공항,JEE
아시아앗 공항,JEG
제 공항,JEJ
제키 활주로,JEK
제키에 공항,JEQ
저지 공항,JER
존 F. 케네디 국제 공항,JFK
파미우트 공항,JFR
잠나가르 공항,JGA
자그달푸르 공항,JGB
지가게퀴 공항,JGD
주취안 공항,JGN
징강산 공항,JGS
세나이 국제공항,JHB
시솽반나 가사 공항,JHG
카팔루아 공항,JHM
시시미우트 공항,JHS
셔터쿼 카운티 제임스타운 공항,JHW
후이나 공항,JIA
지부티 암불리 국제공항,JIB
진창 진촨 공항,JIC
윌왈 국제 공항,JIJ
이카리아 아일랜드 내셔널 공항,JIK
아바 세구드 공항,JIM
진자 공항,JIN
조스 오르노 임술라 공항,JIO
첸장 우링산 공항,JIQ
주장 루산 공항,JIU
자오 공항,JJA
콩트. 아리스톤 페소아 지역공항,JJD
움베르토 기조 보르톨루치 지역 공항,JJG
물리카 로지 에어포트,JJM
취안저우 진장 국제공항,JJN
옌셰핑 공항,JKG
키오스 아일랜드 국립 공항,JKH
칼림노스 아일랜드 내셔널 공항,JKL
자낙푸르 공항,JKR
조플린 공항,JLN
자발푸르 공항,JLR
란창 징마이 공항,JMJ
미코노스 아일랜드 국립 공항,JMK
좀솜 공항,JMO
제임스타운 공항,JMS
자무쓰 공항,JMU
OR 탐보 국제공항,JNB
자알루니 공항,JNJ
주노 국제 공항,JNU
낙소스 아일랜드 공항,JNX
진저우 베이 공항,JNZ
조엔수 공항,JOE
아디수킵토 국제 공항,JOG
조인빌 라우로 카르네이루 데 로욜라 공항,JOI
요시카르올라 공항,JOK
졸로 공항,JOL
은좀베 공항,JOM
야쿠부 고원 공항,JOS
프레지덴테 카스트로 핀토 국제 공항,JPA
호세 콜레토 공항,JPR
카라수트 공항,JQA
자케 공항,JQE
칼라엘로아 공항,JRF
비르 수렌드라 사이 공항,JRG
조르하트 공항,JRH
킬리만자로 국제 공항,JRO
자이살메르 공항,JSA
시티아 공항,JSH
스키아토스 아일랜드 내셔널 공항,JSI
지산항주 공항,JSJ
자스크 공항,JSK
제소르 공항,JSR
존 머사 존스타운 캄브리아 카운티 공항,JST
마니초크 공항,JSU
시로스 아일랜드 내셔널 공항,JSY
바우루 아레알바 주립 공항,JTC
산토리니,JTR
아스티팔라이아 아일랜드 내셔널 공항,JTY
이나시오 루이스 두 나시멘토 공항,JUA
주바 국제 공항,JUB
치저우 주화산 공항,JUH
주이스트 공항,JUI
고베르나도르 호라시오 구스만 국제공항,JUJ
잉카 망코 카팍 국제 공항,JUL
줌라 공항,JUM
우페르나비크 공항,JUV
취저우 공항,JUZ
앙카반드라 공항,JVA
서던 위스콘신 공항,JVL
잔잔 공항,JWN
지시 싱카이후 공항,JXA
지로프트 공항,JYR
위베스퀼레 공항,JYV
주자이 황룽 공항,JZH
가사마 공항,KAA
카리바 공항,KAB
카미슐리 공항,KAC
카두나 공항,KAD
가케 수상 비행기 기지,KAE
카자니 공항,KAJ
칼탁 공항,KAL
말람 아미누 카노 국제공항,KAN
쿠사모 공항,KAO
카라스버그 공항,KAS
카이타이아 공항,KAT
카우타웅 공항,KAW
칼바리 공항,KAX
와카야공항,KAY
쿠아방 공항,KAZ
버치 크릭 공항,KBC
카불 국제 공항,KBL
보리스필 국제공항,KBP
술탄 이스마일 페트라 공항,KBR
카벤 공항,KBT
구스티 샴시르 알람 공항,KBU
끄라비 공항,KBV
카이코우라 비행장,KBZ
쿠카 추치 공항,KCA
코프먼 코브 수상비행기 기지,KCC
카단와리 공항,KCF
치그닉 수산 공항,KCG
쿠칭 국제 공항,KCH
키렌스크 공항,KCK
치그닉 라군 공항,KCL
카흐라만마라슈 공항,KCM
첸기즈 토펠 해군 비행장,KCO
치그닉 레이크 공항,KCQ
코갈라 공항,KCT
고치 료마 공항,KCZ
콜다 노스 공항,KDA
칸다하르 국제 공항,KDH
할루올레오 공항,KDI
코디악 공항,KDK
케르들라 공항,KDL
카데드두 공항,KDM
은덴데 공항,KDN
카드두 공항,KDO
스카르두 공항,KDU
부니세아 공항,KDV
카두글리 공항,KDX
테플리 클류치 공항,KDY
폴골라 저수지 수상비행기 기지,KDZ
난왈렉 공항,KEB
카센가 공항,KEC
카에디 공항,KED
케플라비크 국제 공항,KEF
켄모어 에어 하버,KEH
케메로보 국제공항,KEJ
엑웍 공항,KEK
킬 공항,KEL
케미토르니오 공항,KEM
오디엔네 공항,KEO
네팔군지 공항,KEP
케르만 공항,KER
켕퉁 공항,KET
키코록 공항,KEU
키웨이윈 공항,KEW
켈라니 강 펠리야고다 물장,KEZ
포테스큐 데이브 포레스트 공항,KFE
폴스 패스 공항,KFP
카스타모누 공항,KFS
쿠카스 국제공항,KFZ
카낭가 공항,KGA
킹스코트 공항,KGC
크라브로보 공항,KGD
카가우 공항,KGE
사리아르카 공항,KGF
칼굴리 볼더 공항,KGI
카롱가 공항,KGJ
콜리가넥 공항,KGK
키갈리 국제공항,KGL
코갈림 국제공항,KGP
코스 아일랜드 국제 공항,KGS
캉딩 공항,KGT
그레이링 공항,KGX
코라마바드 공항,KHD
헤르손 국제 공항,KHE
카슈가르 공항,KHG
가오슝 국제공항,KHH
진나 국제 공항,KHI
카르그 공항,KHK
캄티 공항,KHM
난창 창베이 국제공항,KHN
카삽 공항,KHS
고스트 비행장,KHT
하바롭스크 노비 공항,KHV
키히히 활주로,KHX
코이 공항,KHY
카우에히 비행장,KHZ
크리스티안스타드 공항,KID
아로파 공항,KIE
킹피셔 레이크 공항,KIF
키시 국제공항,KIH
니가타 공항,KIJ
키르쿠크 공항,KIK
킴벌리 공항,KIM
노먼 맨리 국제 공항,KIN
킬리 공항,KIO
케리 공항,KIR
키수무 국제공항,KIS
키티라 아일랜드 내셔널 공항,KIT
사우스다운스 공항,KIW
간사이 국제공항,KIX
킬와 마소코 공항,KIY
예멜랴노보 국제공항,KJA
쿠르놀 공항,KJB
카이리 황핑 공항,KJH
카나스 공항,KJI
코르트레이크 베벨겜 국제공항,KJK
케르타자티 국제공항,KJT
코유크 알프레드 아담스 공항,KKA
키토이만 수상비행기 기지,KKB
콘캔 공항,KKC
코코다 공항,KKD
케리케리 공항,KKE
콩기가낙 공항,KKH
아키아착 공항,KKI
기타큐슈 공항,KKJ
콕 카티암 공군기지,KKM
시르케네스 공항 Hoybuktmoen,KKN
크라스노쿱 공항,KKQ
카우쿠라 공항,KKR
카샨 공항,KKS
에쿡 공항,KKU
기카이 공항,KKX
칼라보 공항,KLB
미갈로보 공군기지,KLD
그라브체보 공항,KLF
칼스카그 공항,KLG
콜라푸르 공항,KLH
레벨록 공항,KLL
칼랄레 공항,KLM
라슨 베이 공항,KLN
칼리보 국제 공항,KLO
칼마르 공항,KLR
클라겐푸르트 공항,KLU
카를로비바리 공항,KLV
클라웍 공항,KLW
칼라마타 국제 공항,KLX
케레마 공항,KMA
킹 칼리드 밀리터리 시티 공항,KMC
카멤베 공항,KME
쿤밍 창수이 국제공항,KMG
미야자키 공항,KMI
구마모토 공항,KMJ
카미나 공항,KMN
마노코탁 공항,KMO
고마쓰 공항,KMQ
쿠마시 공항,KMS
키스마요 공항,KMU
칼레묘 공항,KMV
코스트로마 공항,KMW
모저 베이 수상비행기 기지,KMY
킨두 공항,KND
카이마나 공항,KNG
진먼 공항,KNH
코하녹 공항,KNK
쿠알라나무 국제공항,KNO
코네 공항,KNQ
잼 공항,KNR
킹 아일랜드 공항,KNS
칸푸르 공항,KNU
뉴 스투야혹 공항,KNW
이스트 킴벌리 공항,KNX
케아홀 코나 국제공항,KOA
쿠막 공항,KOC
엘 타리 공항,KOE
커크월 공항,KOI
가고시마 공항,KOJ
코콜라 피에타르사리 공항,KOK
코모만다 공항,KOM
콩골로 공항,KOO
나콘파놈 공항,KOP
시아누크빌 국제공항,KOS
코틀릭 공항,KOT
쿨라무투 공항,KOU
콕셰타우 공항,KOV
간저우 황진 공항,KOW
올가 베이 수상비행기 기지,KOY
우징키 공항,KOZ
포인트 베이커 수상비행기 기지,KPB
포트 클래런스 해안 경비대 기지,KPC
킵누크 공항,KPN
포항공항,KPO
포트 윌리엄스 수상비행기 기지,KPR
페리빌 공항,KPV
케퍼베옐 공항,KPW
포트 베일리 수상비행기 기지,KPY
아쿠탄 공항,KQA
아지메르 키샨가르 공항,KQH
보흐타르 국제공항,KQT
카룸바 공항,KRB
데파티 파르보 공항,KRC
회가 쿠스텐 공항,KRF
키코리 공항,KRI
요한 바오로 2세 크라쿠프 발리체 국제공항,KRK
코를라 공항,KRL
키루나 공항,KRN
쿠르간 공항,KRO
카룹 공항,KRP
크라스노다르 국제공항,KRR
크리스티안산 공항 케비크,KRS
하르툼 국제 공항,KRT
투르크멘바시 국제공항,KRW
카라메이 공항,KRY
바상고 음볼리아사 공항,KRZ
코스라에 국제공항,KSA
코시체 국제 공항,KSC
칼스타드 공항,KSD
카세세 공항,KSE
카셀 공항,KSF
사히드 아쉬라피 에스파하니 공항,KSH
카소스 아일랜드 공항,KSJ
카살라 공항,KSL
세인트 메리스 공항,KSM
코스타나이 공항,KSN
카스토리아 내셔널 공항,KSO
카르시 공항,KSQ
H. 아로에팔라 공항,KSR
크리스티안순 공항 크베른베리에트,KSU
카르스 하라카니 공항,KSY
코틀라스 공항,KSZ
카라타 공항,KTA
쏜 베이 수상비행기 기지,KTB
기타다이토 공항,KTD
케르테 공항,KTE
다카카 비행장,KTF
라하디 오스만 공항,KTG
키츠와 템보 공항,KTJ
키탈레 공항,KTL
트리부반 국제공항,KTM
케치칸 국제공항,KTN
틴슨 펜 비행장,KTP
호주왕립공군군사기지 베이스 틴달,KTR
브레빅 미션 공항,KTS
키틸라 공항,KTT
코타 공항,KTU
카토비체 국제 공항,KTW
술탄 하지 아흐마드 샤 공항,KUA
쿠리아 공항,KUC
쿠닷 공항,KUD
쿠루모치 국제공항,KUF
쿠빈 공항,KUG
구시로 공항,KUH
카시글룩 공항,KUK
쿠알라룸푸르 국제공항,KUL
야쿠시마 공항,KUM
카우나스 국제 공항,KUN
쿠오피오 공항,KUO
쿨루수크 공항,KUS
데이비드 더 빌더 쿠타이시 국제공항,KUT
분타르 공항,KUU
군산 공항,KUV
카발라 국제공항,KVA
훼브데 공항,KVB
킹 코브 공항,KVC
카비엥 공항,KVG
키로프스크 아파티티 공항,KVK
키발리나 공항,KVL
마르코보 공항,KVM
모라바 공항,KVO
카발레로보 공항,KVR
포베딜로보 공항,KVX
부숄츠 육군 비행장,KWA
데와다루 공항,KWB
구이양 룽둥바오 국제공항,KWE
폭포 수상 비행기 기지,KWF
크리비리흐 국제공항,KWG
쿠웨이트 국제 공항,KWI
광주공항,KWJ
크위길링곡 공항,KWK
구이린 량장 국제 공항,KWL
고완야마 공항,KWM
킨하각 공항,KWN
웨스트 포인트 빌리지 수상비행기 기지,KWP
콰일라베시 공항,KWS
웨트룩 공항,KWT
콜웨지 공항,KWZ
카산 수상비행기 기지,KXA
산지아 니반데라 공항,KXB
고로 공항,KXF
콤소몰스크 온 아무르 공항,KXK
카티우 공항,KXU
콘야 공항,KYA
란위 공항,KYD
르네 무아와드 공군기지,KYE
카를룩 공항,KYK
캬욱퓨 공항,KYP
카이스 공항,KYS
고유국공항,KYU
키질 공항,KYZ
자차 베이 수상비행기 기지,KZB
코자니 내셔널 공항,KZI
카잔 국제 공항,KZN
키질로르다 공항,KZO
자페르 공항,KZR
카스텔로리조 아일랜드 공항,KZS
콰트로 데 페베레이루 공항,LAD
라에 나드잡 공항,LAE
퍼듀 대학교 공항,LAF
오스만 사디크 공항,LAH
라니옹 코트 드 그라니트 공항,LAI
안토니오 코레이아 핀토 데 마세도 공항,LAJ
아클라비크/프레디 카마이클 공항,LAK
레이크랜드 린더 국제공항,LAL
로스 알라모스 카운티 공항,LAM
캐피털 리전 국제공항,LAN
라오아그 국제 공항,LAO
마누엘 마르케스 데 레온 국제 공항,LAP
알 아브라크 국제공항,LAQ
래러미 공항,LAR
해리 리드 국제 공항,LAS
만다 공항,LAU
로턴 포트실 공항,LAW
로스 앤젤레스 국제 공항,LAX
리즈 브래드 포드 공항,LBA
러벅 프레스턴 스미스 국제 공항,LBB
뤼베크 공항,LBC
후잔트 공항,LBD
아놀드 파머 공항,LBE
노스플랫 지역공항,LBF
파리 르 부르제 공항,LBG
코모도 공항,LBJ
리버럴 미드 아메리카 공항,LBL
레이크 바링고 공항,LBN
루삼보 공항,LBO
롱 방가 공항,LBP
라브레아 공항,LBR
라바사 공항,LBS
라부앙 공항,LBU
레온 음바 국제공항,LBV
주바이 세마링 공항,LBW
루방 공항,LBX
라르나카 국제 공항,LCA
골로손 국제공항,LCE
아코루냐 공항,LCG
레이크 찰스 공항,LCH
우치 브와디스와프 레이몬트 공항,LCJ
리켄베커 국제공항,LCK
라 쿰브레 공항,LCM
롱코푸에 공항,LCP
라 초레라 공항,LCR
룽옌 관지산 공항,LCX
런던 시티 공항,LCY
말다 공항,LDA
론드리나 고베르나도르 호세 리차 공항,LDB
타르브 루르드 피레네 공항,LDE
레슈콘스코예 공항,LDG
로드하우 아일랜드 공항,LDH
린디 공항,LDI
라미단다 공항,LDN
이춘린두 공항,LDS
라하드 다투 공항,LDU
에글린튼 공항,LDY
론돌로지 공항,LDZ
리어먼스 공항,LEA
레바논 공항,LEB
코로넬 호라시오 데 마토스 공항,LEC
풀코보 공항,LED
리스버그 국제 공항,LEE
르아브르 옥트빌 공항,LEH
알메리아 공항,LEI
라이프치히/할레 공항,LEJ
레이크 에벨라 공항,LEL
레온 공항,LEN
랜즈엔드 공항,LEQ
렌스터 공항,LER
알프레도 바스케스 코보 국제공항,LET
라 세우 두르겔 공항,LEU
레부카 비행장,LEV
블루 그래스 공항,LEX
렐리스테이드 공항,LEY
라머드 공항,LFM
레이크필드 공항,LFP
린펀 차오리 공항,LFQ
라 프리아 공항,LFR
라파예트 공항,LFT
로메 토코인 공항,LFW
라과디아 공항,LGA
롱비치 공항,LGB
리에주 공항,LGG
데드맨스 케이 공항,LGI
랑카위 국제 공항,LGK
롱렐랑 공항,LGL
라고 아그리오 공항,LGQ
코모도로 D. 리카르도 살로몬 공항,LGS
로건 캐시 공항,LGU
개트윅 공항,LGW
라르 공항,LHA
알라마 이크발 국제 공항,LHE
히드로 공항,LHR
란저우 중촨 국제공항,LHW
와나함 공항,LIF
리모주 벨가르드 공항,LIG
리후에 공항,LIH
리키엡 공항,LIK
릴 공항,LIL
호르헤 차베스 국제 공항,LIM
리나테 공항,LIN
리몬 국제 공항,LIO
리살라 공항,LIQ
다니엘 오두베르 퀴로스 국제공항,LIR
리스본 포르텔라 공항,LIS
클린턴 내셔널 공항,LIT
로이카우 공항,LIW
리코마 공항,LIX
로자 공항,LJA
리장 산이 공항,LJG
류블랴나 요제 푸치니크 공항,LJU
게와얀타나 공항,LKA
라케바 공항,LKB
켄모어 에어 하버 수상 비행기 기지,LKE
로키초지오 공항,LKG
롱 아카 공항,LKH
바낙 공항,LKL
레크네스 공항,LKN
아마우시 공항,LKO
레이크 만야라 공항,LKY
룰레오 공항,LLA
리보 공항,LLB
카가얀 노스 국제공항,LLC
융저우 링링 공항,LLF
칠라고 공항,LLG
랄리벨라 공항,LLI
실람파리 공항,LLJ
랑카란 국제 공항,LLK
롬롬 공항,LLM
팔로포 라갈리고 공항,LLO
뤼량 공항,LLV
릴롱궤 국제공항,LLW
레이크 민추미나 공항,LMA
라 마카레나 공항,LMC
르망 아르나쥬 공항,LME
라에 공항,LML
포트 밸리 연방 국제 공항,LMM
림방 공항,LMN
람페두사 공항,LMP
클래머스 폴스 공항,LMT
레퉁 공항,LMU
마디바루 공항,LMV
레이크 머레이 공항,LMY
팔마 공항,LMZ
라멘 베이 공항,LNB
렝바티 공항,LNC
로노로레 공항,LNE
린창 공항,LNJ
링컨 공항,LNK
룽난 청저우 공항,LNL
레오노라 공항,LNO
랭커스터 공항,LNS
리히르 아일랜드 공항,LNV
라나이 공항,LNY
린츠 공항,LNZ
롱가나 공항,LOD
로에이 공항,LOE
시우다드 데 카타마요 공항,LOH
로드와르 공항,LOK
라구아트 공항,LOO
롬복 국제 공항,LOP
무르탈라 모하메드 국제공항,LOS
베누스티아노 카란자 국제공항,LOV
로이양갈라니 공항,LOY
런던 코빈 공항,LOZ
그란 카나리아 공항,LPA
엘 알토 국제 공항,LPB
롬폭 공항,LPC
라 페드레라 공항,LPD
류판수이 웨자오 공항,LPF
라 플라 타 공항,LPG
린셰핑/사브 공항,LPI
리페츠크 공항,LPK
리버풀 존 레논 공항,LPL
말레쿨라 공항,LPM
라펜란타 공항,LPP
루앙프라방 국제공항,LPQ
피셔맨스 베이/LPS 수상비행기 기지,LPS
람팡 공항,LPT
롱 아풍 공항,LPU
리에파야 국제공항,LPX
르 퓌 루드 공항,LPY
카우카야 공항,LQM
칼라이나우 공항,LQN
라레도 국제 공항,LRD
롱리치 공항,LRE
라 로셸 일레 드 레 공항,LRH
니암터우구 국제공항,LRL
라 로마나 국제공항,LRM
라레스탄 국제 공항,LRR
레로스 공항,LRS
로리앙 사우스 브리타니 공항,LRT
로스 로케스 공항,LRV
로수이아 공항,LSA
라 플로리다 공항,LSC
라크로스 공항,LSE
라시오 공항,LSH
섬버그 공항,LSI
탈몽 공항,LSO
호세파 카메호 국제공항,LSP
마리아 돌로레스 공항,LSQ
론서스턴 공항,LST
넬리스 공군기지,LSV
말리쿠스 살레 공항,LSW
리스모어 공항,LSY
로시니 공항,LSZ
가다메스 공항,LTD
알타이 공항,LTI
바셀 알 아사드 국제공항,LTK
레템 공항,LTM
루턴 공항,LTN
로레토 국제 공항,LTO
르 투케,LTQ
라 몰 생트로페 공항,LTT
라투르 공항,LTU
코토팍시 국제공항,LTX
텐징 힐러리 공항,LUA
라우칼라 공항,LUC
루데리츠 공항,LUD
루가노 공항,LUG
사네왈 공항,LUH
신시내티 시립공항,LUK
망시 공항,LUM
케네스 카운다 국제 공항,LUN
루에나 공항,LUO
칼라우파파 공항,LUP
세자르 라울 오헤다 공항준장,LUQ
케이프 리스번 LRRS 공항,LUR
루상가 공항,LUS
카렐 사드수이투분 공항,LUV
슈쿠란 아미누딘 아미르 공항,LUW
룩셈부르크 핀델 공항,LUX
루블린 공항,LUZ
해리 므왕가 은쿰불라 국제공항,LVI
리버모어 공항,LVK
래버튼 공항,LVO
라반 공항,LVP
봄 푸투로 시립공항,LVR
레박 공항,LWA
그린브리어 밸리 공항,LWB
워노피토 공항,LWE
팅월 공항,LWK
시락 공항,LWN
리비우 다닐로 할리츠키 국제공항,LWO
루이스턴 네즈 퍼스 카운티 공항,LWS
루이스타운 공항,LWT
라와스 공항,LWY
라싸 공가르 공항,LXA
루앙 남타 공항,LXG
룩소르 국제 공항,LXR
렘노스 국제 공항,LXS
뤄양 베이자오 공항,LYA
에드워드 보든 비행장,LYB
릭셀레 공항,LYC
롄윈강 바이타부 공항,LYG
린치버그 리저널 공항,LYH
린이 치양 공항,LYI
리옹 브론 공항,LYN
파이살라바드 국제 공항,LYP
스발바르 공항 롱이어,LYR
리옹 생텍쥐페리 공항,LYS
리드 국제공항,LYX
라사로 카르데나스 공항,LZC
리우저우 바이롄 공항,LZH
뤄쯔 공항,LZI
마쓰 난간 공항,LZN
루저우 윈룽 공항,LZO
리자드 아일랜드 공항,LZR
귀넷 카운티 공항,LZU
닝치 마인링 공항,LZY
첸나이 국제 공항,MAA
주앙 코레아 다 로차 공항,MAB
아돌포 수아레스 마드리드 바라하스 공항,MAD
미들랜드 국제 항공 우주 항구,MAF
마당공항,MAG
메노르카 공항,MAH
마셜 제도 국제공항,MAJ
말라칼 공항,MAK
제너럴 세르반도 카날레스 국제공항,MAM
맨체스터 공항,MAN
에두아르도 고메스 국제 공항,MAO
매솟 공항,MAQ
라 치니타 국제 공항,MAR
모모테 공항,MAS
마타디 침피 공항,MAT
마우피티 공항,MAU
말로엘랍 공항,MAV
오우로 소구이 공항,MAX
클래런스 A. 베인 공항,MAY
에우제니오 마리아 데 호스토스 공항,MAZ
모이 국제 공항,MBA
마히켕 공항,MBD
몬베쓰 공항,MBE
음베야 공항,MBI
생스터 국제 공항,MBJ
매니스티 카운티 블래커 공항,MBL
맘부라오 공항,MBO
MBS 국제공항,MBS
모이세스 R. 에스피노사 공항,MBT
무라빈 공항,MBW
마리보르 에드바르드 루잔 공항,MBX
머세드 지역공항,MCE
맥그래스 공항,MCG
캔자스시티 국제공항,MCI
호르헤 이삭스 공항,MCJ
맥쿡 벤 넬슨 공항,MCK
미들조지아 공항,MCN
올랜도 국제 공항,MCO
알베르토 알콜룸브레 국제공항,MCP
무스카트 국제 공항,MCT
맥아더 리버 마인 공항,MCV
메이슨 시티 공항,MCW
우이타쉬 공항,MCX
선샤인 코스트 공항,MCY
줌비 두스 팔마레스 국제 공항,MCZ
삼 라툴랑이 국제공항,MDC
호세 마리아 코르도바 국제 공항,MDE
무단장 공항,MDG
마쿠르디 공항,MDI
음반다카 공항,MDK
만달레이 국제 공항,MDL
아스토르 피아졸라 국제공항,MDQ
해리스버그 국제 공항,MDT
멘디 공항,MDU
미드웨이 국제 공항,MDW
헨더슨 필드,MDY
엘 풀루메릴로 공항,MDZ
베네디토 라세르다 공항,MEA
에센돈 공항,MEB
엘로이 알파로 국제 공항,MEC
프린스 모하마드 빈 압둘아지즈 공항,MED
마레 공항,MEE
말란제 공항,MEG
메함 공항,MEH
메리디언 지역공항,MEI
멜버른 공항,MEL
멤피스 국제 공항,MEM
컷 냑 디엔 공항,MEQ
캐슬 공항,MER
멕시코 시티 국제 공항,MEX
메가울리 공항,MEY
마피아 공항,MFA
마페텡 공항,MFC
맨스필드 람 공항,MFD
매캘런 밀러 국제 공항,MFE
모안다 공항,MFF
모알라 공항,MFJ
마쓰베이간 공항,MFK
마카오 국제 공항,MFM
마라디 공항,MFQ
로그 밸리 국제공항  메드퍼드 공항,MFR
음푸웨 공항,MFU
아우구스토 C. 산디노 국제공항,MGA
마운트 갬비어 공항,MGB
도빈스 공군 예비군 기지,MGE
마링가 지역 공항,MGF
마게이트 공항,MGH
뒤셀도르프 묀헨글라트바흐 공항,MGL
몽고메리 지역공항,MGM
아덴 아데 국제 공항,MGQ
망가이아 공항,MGS
밀링김비 공항,MGT
마나웅 공항,MGU
모건타운 뮤니시펄 공항,MGW
데이턴 라이트 브라더스 공항,MGY
미익 공항,MGZ
모코풀리 공항,MHC
마슈하드 국제공항,MHD
미첼 공항,MHE
만하임 시티 공항,MHG
마시 하버 공항,MHH
맨해튼 공항,MHK
마리에함 공항,MHQ
새크라멘토 매더 공항,MHR
맨체스터 보스턴 공항,MHT
마운트 호담 공항,MHU
모하비 항공 우주 항구,MHV
몬테아구도 공항,MHW
마이애미 국제 공항,MIA
마누엘 크레센시오 레혼 국제 공항,MID
몐양 난자오 공항,MIG
프랭크 밀로예 밀렌코비치 마릴리아 공항,MII
밀리 공항,MIJ
메림불라 공항,MIM
모나스티르 하비브 부르기바 국제공항,MIR
미시마 아일랜드 공항,MIS
마이두구리 국제공항,MIU
미리티 파라나 공항,MIX
만자 공항,MJA
메짓 공항,MJB
맨 공항,MJC
모엔조다로 공항,MJD
메이킨 공항,MJE
모쇼엔 공항,MJF
미티가 국제 공항,MJI
샤크 베이 공항,MJK
음부지 마이 공항,MJM
암보로비 공항,MJN
미틸레네 국제 공항,MJT
탬파 파당 공항,MJU
무르시아 산 하비에르 공항,MJV
미르니 공항,MJZ
찰스 B. 휠러 다운타운 공항,MKC
밀워키 미첼 국제 공항,MKE
머스키건 카운티 공항,MKG
몰로카이 공항,MKK
맥켈러 사이프스 공항,MKL
무카 공항,MKM
마케모 공항,MKP
모파 공항,MKQ
미카타라 공항,MKR
렌다니 공항,MKW
맥케이 공항,MKY
말라카 국제 공항,MKZ
몰타 국제 공항,MLA
멜버른 올랜도 국제 공항,MLB
이브라힘 나시르 국제공항,MLE
압둘 라흐만 살레 공항,MLG
유로에어포트 바젤 뮐루즈 프라이부르크,MLH
쿼드 시티 국제 공항,MLI
몰타 공항,MLK
마샬 돈 헌터 시니어 공항,MLL
제너럴 프란시스코 J. 무히카 국제공항,MLM
멜리야 공항,MLN
밀로스 아일랜드 내셔널 공항,MLO
마일스 시티 공항,MLS
먼로 공항,MLU
스프릭스 페인 공항,MLW
말라티아 에르학 공항,MLX
맨리 핫 스프링스 공항,MLY
메만베쓰 공항,MMB
미나미다이토 공항,MMD
티스사이드 국제 공항,MME
마운트 마그넷 공항,MMG
맘모스 요세미티 공항,MMH
마츠모토 공항,MMJ
무르만스크 공항,MMK
미들마운트 공항,MMM
마이오 공항,MMO
음발라 공항,MMQ
모리스타운 공항,MMU
말뫼 공항,MMX
미야코 공항,MMY
마이마나 공항,MMZ
멜랑구아니 공항,MNA
무안다 공항,MNB
나칼라 공항,MNC
메디나 공항,MND
마나 아일랜드 공항,MNF
마닝리다 공항,MNG
존 A. 오스본 공항,MNI
마난자리 공항,MNJ
마이아나 공항,MNK
니노이 아키노 국제공항,MNL
매리언 공항,MNN
마노노 공항,MNO
몬구 공항,MNR
만사 공항,MNS
민토 알 라이트 공항,MNT
마울라먀잉 공항,MNU
마니코레 공항,MNX
모노 공항,MNY
매너서스 지역공항,MNZ
오레스테스 아코스타 공항,MOA
모빌 공항,MOB
몬테스 클라로스/마리오 리베이루 공항,MOC
모데스토 시티 카운티 공항,MOD
프란스 세다 공항,MOF
몽삿 공항,MOG
말레오 공항,MOH
미티아로 공항,MOI
몰데 공항,MOL
뭄바 공항,MOO
모론다바 공항,MOQ
미놋 국제 공항,MOT
모란바 공항,MOV
무레아 공항,MOZ
카티마무릴로 공항,MPA
마이애미 수상비행기 기지,MPB
고도프레도 P. 라모스 공항,MPH
마미투푸 공항,MPI
몽펠리에 메디테라네 공항,MPL
마푸토 국제 공항,MPM
영국왕립공군기지 마운트 플레전트,MPN
물라투포 공항,MPP
마리우폴 국제 공항,MPW
마그니토고르스크 국제 공항,MQF
모마 공항,MQJ
밀두라 공항,MQL
마르딘 공항,MQM
모이나라 공항,MQN
크루거 음푸말랑가 국제공항,MQP
마운두 공항,MQQ
소여 국제공항,MQT
알룰라 아바 네가 공항,MQX
서머나 공항,MQY
미스라타 공항,MRA
이스턴 WV 지역 공항,MRB
알베르토 카르네발리 공항,MRD
마라 세레나 공항,MRE
마레바 비행장,MRG
후드 비행장,MRO
마린두케 공항,MRQ
마르세유 프로방스 공항,MRS
씨우사구르 람구람경 국제공항,MRU
미네랄니에 보디 공항,MRV
마흐샤르 공항,MRX
몬터레이 공항,MRY
모리 공항,MRZ
머스크랫 댐 공항,MSA
미사와공항,MSJ
노스웨스트 앨라배마 공항,MSL
데인 카운티 리저널 공항,MSN
미줄라 국제 공항,MSO
미니애폴리스 세인트폴 국제공항,MSP
민스크 국립 공항,MSQ
무슈 공항,MSR
마세나 국제공항,MSS
마스트리흐트 아헨 공항,MST
모슈슈 국제공항,MSU
마사와 국제 공항,MSW
루이 암스트롱 뉴올리언스 국제공항,MSY
모사메데스 공항,MSZ
몬테리바노 공항,MTB
셀프리지 주 방위군 공군기지,MTC
플로리다 키스 마라톤 공항,MTH
몬트로즈 공항,MTJ
마킨 공항,MTK
메틀라카틀라 수상비행기 기지,MTM
마틴 스테이트 공항,MTN
몬턱 공항,MTP
로스 가조네스 공항,MTR
매츠파 공항,MTS
미나티틀란/코아차코알코스 국제공항,MTT
모타 라바 공항,MTV
매니토웍 카운티 공항,MTW
제너럴 마리아노 에스코베도 국제 공항,MTY
문다 공항,MUA
마운 공항,MUB
뮌헨 공항,MUC
와이메아 코할라 공항,MUE
마르사 마트루 국제공항,MUH
마우케 공항,MUK
호세 타데오 모나가스 국제 공항,MUN
마운틴 홈 공군 기지,MUO
마루디 공항,MUR
그리스 공항,MUW
물탄 국제 공항,MUX
무소마 공항,MUZ
음벵게 엘 하지,MVB
카라스코 그랄. 체사레오 L. 베리소 국제공항,MVD
주지사 딕스 셉트 로사도 공항,MVF
모리스빌 스토 스테이트 공항,MVL
파비오 알베르토 레온 벤틀리 공항,MVP
살락 공항,MVR
마타이바 공항,MVT
스카짓 지역공항,MVW
마사스 빈야드 공항,MVY
윌리엄슨 카운티 공항,MWA
메로웨 공항,MWE
매워 나오네 공항,MWF
그랜트 카운티 국제 공항,MWH
마탁 공항,MWK
마그웨이 공항,MWQ
무안 국제공항,MWX
므완자 공항,MWZ
안디 젬마 공항,MXB
모로 공항,MXH
마티 공항,MXI
민나 공항,MXJ
제너럴 로돌포 산체스 타보아다 국제공항,MXL
모롬베 공항,MXM
모를레,MXN
몬티첼로 공항,MXO
밀라노 말펜사 공항,MXP
마오타 공항,MXS
마인티라노 공항,MXT
뫼뢴 공항,MXV
모라 실리안 공항,MXX
메이셴 공항,MXZ
모루야 공항,MYA
마리스칼 수크레 공항,MYC
말린디 공항,MYD
미야케지마 공항,MYE
마야과나 공항,MYG
머레이 아일랜드 공항,MYI
마쓰야마 공항,MYJ
메리 국제 공항,MYP
마이소르 공항,MYQ
머틀 비치 국제 공항,MYR
미트키나 공항,MYT
메코류크 공항,MYU
음트와라 공항,MYW
미리 공항,MYY
몽키 베이 공항,MYZ
마누엘 프라도 우가르테체 공항,MZA
모킴보아드프라이아 공항,MZB
마공 공항,MZG
아마시야 메르지폰 공항,MZH
몹티 공항,MZI
피날 에어파크,MZJ
마라케이 공항,MZK
라 누비아 공항,MZL
시에라 마에스트라 공항,MZO
음쿠제 공항,MZQ
마자르에 샤리프 국제공항,MZR
제너럴 라파엘 부엘나 국제공항,MZT
무자파르푸르 공항,MZU
물루 공항,MZV
메체리아 공항,MZW
나라브리 공항,NAA
나라쿠르테 공항,NAC
암베드카 국제공항,NAG
나하 공항,NAH
나흐치반 국제공항,NAJ
나콘랏차시마 공항,NAK
날치크 공항,NAL
남리 공항,NAM
난디 국제 공항,NAN
난충 가오핑 공항,NAO
나폴리 국제 공항,NAP
카나아크 공항,NAQ
린든 핀들링 국제 공항,NAS
그레이터 나탈 국제공항,NAT
나푸카 공항,NAU
네브셰히르 카파도키아 공항,NAV
나라티왓 공항,NAW
베이징 난위안 공항,NAY
베기셰보 공항,NBC
엔피다 함마메트 국제공항,NBE
아노본 공항,NBN
조모 케냐타 국제 공항,NBO
창바이산 공항,NBS
나비레 공항,NBX
노스 케이커스 공항,NCA
니스 코트다쥐르 공항,NCE
순찰레스 에어로클럽 공항,NCJ
뉴캐슬 공항,NCL
체네가베이 공항,NCN
산 카를로스 공항,NCR
뉴캐슬 공항,NCS
누쿠스 공항,NCU
안시 몽블랑 공항,NCY
누아디부 국제공항,NDB
스리 구루 고빈드 싱 지 공항,NDC
만데라 공항,NDE
치치하얼 산지아지 공항,NDG
은자메나 국제공항,NDJ
나모릭 공항,NDK
나도르 국제 공항,NDR
룬두 공항,NDU
산데이 공항,NDY
네코체아 공항,NEC
네그릴 비행장,NEG
철만 네룽리 공항,NER
나통 공항,NEU
밴스 W. 아모리 국제 공항,NEV
레이크프론트 공항,NEW
니우아포우 공항,NFO
닝보 리서 국제공항,NGB
오귀스트 조지 공항,NGD
나운데레 공항,NGE
노글리키 공항,NGK
응갈라 비행장,NGL
주부 국제공항,NGO
응가리쿤샤 공항,NGQ
나가사키 공항,NGS
영국왕립공군기지 노솔트,NHT
누쿠 히바 공항,NHV
니콜라이 공항,NIB
니프티 공항,NIF
니쿠나우 공항,NIG
디오리 하마니 국제공항,NIM
니아우 공항,NIU
니즈네바르토프스크 공항,NJC
알 나자프 국제 공항,NJF
해군항공시설 엘 센트로,NJK
누악쇼트 움툰시 국제공항,NKC
난징 루커우 국제공항,NKG
나우카티 베이 수상비행기 기지,NKI
은콜로 푸마 공항,NKL
나고야 비행장,NKM
누쿠테피피 공항,NKP
시르낙 공항,NKT
요캉가시 공항,NKY
시몬 음완사 카프웨프웨 국제공항,NLA
케찰코아틀 국제 공항,NLD
단리 아일랜드 공항,NLF
넬슨 라군 공항,NLG
닝랑 루구후 공항,NLH
니콜라예프스크 온 아무르 공항,NLI
노퍽 아일랜드 공항,NLK
은돌로 공항,NLO
신위안 날라티 공항,NLT
산타 루시아 공군 기지 번호 1,NLU
미콜라이우 국제 공항,NLV
나망간 공항,NMA
나이트뮤트 공항,NME
마파루 국제공항,NMF
난상공항,NMS
산타아나 공항,NNB
난닝 우수 국제공항,NNG
논달튼 공항,NNL
나리안 마르 공항,NNM
코네마라 공항,NNR
난나콘 공항,NNT
누누칸 공항,NNX
난양 장잉 공항,NNY
노사라 공항,NOB
아일랜드 웨스트 에어포트 노크,NOC
노갈레스 국제 공항,NOG
노야브르스크 공항,NOJ
노노우티 공항,NON
시놉 공항,NOP
파신 공항,NOS
라 톤투타 국제공항,NOU
알바노 마차도 공항,NOV
스피첸코보 공항,NOZ
해군항공기지 펜사콜라,NPA
혹스베이 공항,NPE
뉴 플리머스 공항,NPL
뉴포트 스테이트 공항,NPT
음판다 공항,NPY
프레지덴테 페론 국제 공항,NQN
레예스 무리요 공항,NQU
뉴키 공항,NQY
누르술탄 나자르바예프 국제공항,NQZ
나란데라 공항,NRA
노르데니 비행장,NRD
남롤 공항,NRE
노르셰핑 공항,NRK
노스 로날드세이 공항,NRL
위즈 공항,NRN
호세 아폰테 데 라 토레 공항,NRR
나리타 국제공항,NRT
북쪽 수상비행기 기지,NSB
노샤르 공항,NSH
야운데 은시말렌 국제공항,NSI
알리켈 공항,NSK
넬슨 공항,NSN
나콘시탐마랏 공항,NST
해군 비행장 시고넬라,NSY
노토덴 공항,NTB
낭트 아틀란티크 공항,NTE
난퉁 싱둥 공항,NTG
뉴캐슬 공항,NTL
노먼턴 공항,NTN
노토 공항,NTQ
델 노르테 국제공항,NTR
니우아토푸타푸 공항,NTT
라나이 공항,NTX
필라네스버그 국제 공항,NTY
그레고리 호수 수상비행기 기지,NUA
뉘른베르크 공항,NUE
캐슬레이 저수지 수상비행기 기지,NUF
누이크수트 공항,NUI
누쿠타바케 공항,NUK
눌라토 공항,NUL
네옴 베이 공항,NUM
누나피추크 공항,NUP
노르섭 공항,NUS
나쿠루 공항,NUU
노비 우렝고이 공항,NUX
베니토 살라스 공항,NVA
나보이 국제공항,NVI
나르비크 공항 프람네스,NVK
나베간테스 미니스트로 빅토르 콘데르 국제공항,NVT
모헬리 반다르에스에스에스슬람 공항,NWA
노리치 국제 공항,NWI
냐간 공항,NYA
쑤냐니 공항,NYI
난유키 공항,NYK
나딤 공항,NYM
스톡홀름 스카브스타 공항,NYO
뉘르바 공항,NYR
네피도 공항,NYT
낭우 공항,NYU
모니와 공항,NYW
만주리 시자오 공항,NZH
잘란툰 청지시한 공항,NZL
오렌지 공항,OAG
바그람 비행장,OAI
앨버트 J. 엘리스 공항,OAJ
오클랜드 국제 공항,OAK
캐피탈 두 카페 공항,OAL
소소코틀란 국제공항,OAX
오베르파펜호펜 공항,OBF
오반 공항,OBN
도카치 오비히로 공항,OBO
고북공항,OBU
오보 공항,OBX
오션 리프 클럽 공항,OCA
프란시스코 데 오렐라나 공항,OCC
오칼라 국제공항,OCF
이안 플레밍 국제 공항,OCJ
불지다 공항,OCM
코르도바 공항,ODB
한스 크리스티안 안데르센 공항,ODE
롱세리단 공항,ODN
보다이보 공항,ODO
오데사 국제 공항,ODS
우돔사이 공항,ODY
오에쿠세 공항,OEC
오룔 유즈니 공항,OEL
외른셸스비크 공항,OER
오펏 공군기지,OFF
우앙고 피티니 공항,OFI
오푸 공항,OFU
오그덴 힝클리 공항,OGD
카훌루이 공항,OGG
오글 공항,OGL
우스투푸 오고브수쿰 공항,OGM
요나구니 공항,OGN
오그덴스버그 국제 공항,OGS
오르두 기레순 공항,OGU
아인 베이다 공항,OGX
베슬란 공항,OGZ
"오흐리드 ""성 바오로 사도"" 공항",OHD
모헤 굴리안 공항,OHE
오카 공항,OHH
오호츠크 공항,OHO
소하르 공항,OHS
오시마 공항,OIM
오쿠시리 공항,OIR
오이타 공항,OIT
나하 공항,OKA
윌 로저스 월드 공항,OKC
오카다마 공항,OKD
오키노에라부 공항,OKE
오키 공항,OKI
오카야마 공항,OKJ
구눙 빈탕 공항,OKL
요크 아일랜드 공항,OKR
외를란트 공항,OLA
올비아 코스타 스메랄다 공항,OLB
세나도라 유니스 미킬레스 공항,OLC
L. M. 클레이튼 공항,OLF
올포이 공항,OLJ
푸에르테 올림포 공항,OLK
오요 올롬보 공항,OLL
올림픽 댐 공항,OLP
올리브 브랜치 공항,OLV
올키옴보 활주로,OLX
올료민스크 공항,OLZ
에플리 비행장,OMA
오르모크 공항,OMC
오랑제문트 공항,OMD
놈 공항,OME
우르미아 공항,OMH
마르물 공항,OMM
모스타르 공항,OMO
오라데아 국제 공항,OMR
옴스크 첸트랄니 공항,OMS
오농게 공항,ONB
온당와 공항,OND
모닝턴 아일랜드 공항,ONG
오다테 노시로 공항,ONJ
올레뇽 공항,ONK
오닐 뮤니시펄 공항,ONL
뉴포트 공항,ONP
존굴다크 공항,ONQ
온슬로 공항,ONS
온타리오 국제 공항,ONT
엔리케 아돌포 히메네스 공항,ONX
톡숙베이 공항,OOK
골드코스트 공항,OOL
쿠마 스노위 마운틴 공항,OOM
오토아 공항,OOT
마이애미 오파 로카 이그제큐티브 공항,OPF
프란시스코 데 사 카르네이루 공항,OPO
프레지덴테 주앙 피게이레도 공항,OPS
발리모 공항,OPU
오란 공항,ORA
외레브로 공항,ORB
오헤어 국제공항,ORD
노퍽 국제 공항,ORF
조르그 앙 후프 공항,ORG
우스터 공항,ORH
포트 라이언스 공항,ORI
코크 공항,ORK
올랜도 이그제큐티브 공항,ORL
오란 에스 세니아 공항,ORN
노스웨이 공항,ORT
후안 멘도사 공항,ORU
로버트 ,ORV
오를리 공항,ORY
오렌지 워크 공항,ORZ
오스코다 워트스미스 공항,OSC
아레 외스테르순드 공항,OSD
오스타피예보 국제공항,OSF
위트먼 공항,OSH
오시예크 공항,OSI
오스카르스함 공항,OSK
오슬로 공항 가르데르모엔,OSL
모술 국제공항,OSM
오스본 광산 공항,OSO
오스트라바 레오슈 야나첵 공항,OSR
오쉬 공항,OSS
오스스텐드 브뤼헤 국제공항,OST
오하이오 주립대학교 공항,OSU
오르스크 공항,OSW
남소스 공항,OSY
콘타도라 공항,OTD
사우스웨스트 오리건 공항,OTH
피투 공항,OTI
앙리 코안더 국제공항,OTP
코토 47 공항,OTR
안드레 마기 공항,OTT
랄프 빈 메모리얼 공항,OTZ
와가두구 공항,OUA
앙가드 공항,OUD
아웃스케리스 공항,OUK
오울루 공항,OUL
타자디트 공항,OUZ
톨마체보 공항,OVB
아스투리아스 공항,OVD
소베츠키 공항,OVS
오웬스보로 데이비스 카운티 공항,OWB
노우드 메모리얼 공항,OWD
오스발도 비에이라 국제 공항,OXB
옥스퍼드 공항,OXF
고야공항,OYA
오옘 공항,OYE
모요 공항,OYG
라보 공항,OZC
자고라 공항,OZG
자포리자 국제공항,OZH
와르자자테 공항,OZZ
빌라스푸르 공항,PAB
알브룩 국제공항,PAC
파더본 립슈타트 공항,PAD
페인 필드 공항,PAE
파쿠바 비행장,PAF
파가디안 공항,PAG
바클리 공항,PAH
틴달 공군기지,PAM
팔로 알토 공항,PAO
투생 루베르튀르 국제공항,PAP
파로스 내셔널 공항,PAS
록 나약 자야프라카시 공항,PAT
파울루 아폰소 공항,PAV
포르드페 공항,PAX
엘 타진 내셔널 공항,PAZ
에르마노스 세르단 국제공항,PBC
포르반다르 공항,PBD
플래츠버그 국제 공항,PBG
파로 국제 공항,PBH
팜 비치 국제 공항,PBI
파마 공항,PBJ
바르톨로메 살롬 공항,PBL
요한 아돌프 펭겔 국제 공항,PBM
파라버두 공항,PBO
푼타 이슬리타 공항,PBP
푸에르토 바리오스 공항,PBR
푸타오 공항,PBU
플레텐버그 베이 공항,PBZ
폰독 카베 공항,PCB
카피탄 롤덴 공항,PCL
픽턴 비행장,PCN
프린시페 공항,PCP
분네우아 공항,PCQ
게르만 올라노 공항,PCR
오반도 공항,PDA
페드로 베이 공항,PDB
미낭카바우 국제공항,PDG
드칼브 피치트리 공항,PDK
주앙 파울루 2세 공항,PDL
페다시 공항,PDM
카피탄 데 코르베타 카를로스 A. 쿠르벨로 국제공항,PDP
피에드라스 네그라스 국제공항,PDS
이스턴 오리건 공항,PDT
플로브디프 공항,PDV
포틀랜드 국제 공항,PDX
펠리컨 수상비행기 기지,PEC
파르두비체 공항,PED
페름 국제공항,PEE
움브리아 국제공항,PEG
마테카냐 국제공항,PEI
베이징 서우두 국제공항,PEK
파드레 알다미즈 국제공항,PEM
페낭 국제 공항,PEN
퍼스 공항,PER
페트로자보츠크 공항,PES
주앙 시몽에스 로페스 네투 국제공항,PET
푸에르토 렘피라 공항,PEU
바차 칸 국제 공항,PEW
페초라 공항,PEX
펜자 공항,PEZ
라우로 쿠르츠 공항,PFB
파 포스 국제 공항,PFO
파르사바드 모간 공항,PFQ
페이지 공항,PGA
푼타 고르다 공항,PGD
페르피냥 리브잘트 공항,PGF
판트나가르 공항,PGH
데파티 아미르 공항,PGK
포트 그레이엄 공항,PGM
불리 공항,PGQ
페르시아 걸프 공항,PGU
피트 그린빌 공항,PGV
베리괴바시악 공항,PGX
콩트. 안토니오 아밀턴 베랄도 공항,PGZ
파르나이바 프레페이토 박사 주앙 실바 필류 국제공항,PHB
포트하커트 국제공항,PHC
포트헤드랜드 국제공항,PHE
뉴포트뉴스/윌리엄스버그 국제공항,PHF
포트하코트 시티 공항,PHG
필라델피아 국제 공항,PHL
세인트 클레어 카운티 국제 공항,PHN
포인트 호프 공항,PHO
모뉴먼트 공항,PHQ
핏사눌록 공항,PHS
헨드릭 반 에크 공항,PHW
피닉스 스카이 하버 국제 공항,PHX
펫차분 공항,PHY
제너럴 웨인 A. 다우닝 피오리아 국제공항,PIA
해티즈버그 로렐 공항,PIB
세인트피트 클리어워터 국제공항,PIE
핑둥남공항,PIF
포커텔로 공항,PIH
글래스고 프레스트윅 공항,PIK
줄리오 벨렘 공항,PIN
카피탄 FAP 레난 엘리아스 올리베라 공항,PIO
피에르 공항,PIR
푸아티에 비아르 공항,PIS
피츠버그 국제 공항,PIT
카피탄 FAP 길레르모 콘챠 이베리코 공항,PIU
피코 공항,PIX
포인트 레이 LRRS 공항,PIZ
파잘라 공항,PJA
아우구스토 로베르토 푸스터 국제 공항,PJC
판즈구르 공항,PJG
푸에르토 히메네스 공항,PJM
나파스키악 공항,PKA
미드 오하이오 밸리 공항,PKB
페트로파블로프스크 캄차츠키 공항,PKC
파크스 공항,PKE
팡코르 공항,PKG
이스칸다르 공항,PKN
파라커우 공항,PKO
푸카푸카 공항,PKP
포카라 공항,PKR
술탄 샤리프 카심 2세 국제공항,PKU
프스코프 공항,PKV
셀레비 피크웨 공항,PKW
베이징 다싱 국제공항,PKX
질리크 리우트 공항,PKY
빡쎄 국제공항,PKZ
카리요 공항,PLD
플리머스 시티 공항,PLH
플라센시아 공항,PLJ
술탄 마흐무드 바다루딘 II 국제공항,PLM
펠스턴 리저널 공항,PLN
포트 링컨 공항,PLO
캡틴 라몬 자트루치 공항,PLP
팔랑가 국제 공항,PLQ
프로비덴시알레스 국제 공항,PLS
벨루오리존치/팜풀랴 카를로스 드러먼드 데 안드라데 공항,PLU
폴타바 공항,PLV
무티아라 공항,PLW
세메이 공항,PLX
포트 엘리자베스 공항,PLZ
펨바 공항,PMA
펨비나 공항,PMB
엘 테푸알 공항,PMC
파르마 공항,PMF
폰타 포랑 국제 공항,PMG
팔마 데 마요르카 공항,PMI
팜 아일랜드 공항,PMK
포트 몰러 공항,PML
팔코네 보르셀리노 공항,PMO
페리토 모레노 공항,PMQ
파머스톤 노스 공항,PMR
산티아고 마리뇨 카리브해 국제공항,PMV
팔마스 브리가데이로 리시아스 로드리게스 공항,PMW
엘 테우엘체 공항,PMY
팔마르 수르 공항,PMZ
팜플로나 공항,PNA
푼타 고다 공항,PND
산토스 두몽 공항,PNG
프놈펜 국제 공항,PNH
폰페이 국제공항,PNI
수파디오 공항,PNK
판텔레리아 공항,PNL
지루아 공항,PNP
푸네 공항,PNQ
푸앵트 누아르 공항,PNR
펜사콜라 국제 공항,PNS
테니엔테 훌리오 가야르도 공항,PNT
푸두체리 공항,PNY
세나도르 닐로 코엘료 공항,PNZ
살가도 필류 국제 공항,POA
포도르 공항,POD
포르장틸 국제공항,POG
캡틴 니콜라스 로하스 공항,POI
페드로 페레이라 도스 산토스 공항,POJ
펨바 공항,POL
잭슨스 국제 공항,POM
그레고리오 루페론 국제 공항,POP
포리 공항,POR
피아코 국제 공항,POS
포르토로지 공항,POW
퐁투아즈 코르메이유 비행장,POX
포즈난 와비차 공항,POZ
프레지덴테 프루뎅테 공항,PPB
푸에르토 페냐스코 국제 공항,PPE
파고파고 국제공항,PPG
판장섬 공항,PPJ
페트로파블 공항,PPK
파플루 공항,PPL
기예르모 레온 발렌시아 공항,PPN
휘트선데이 코스트 공항,PPP
카피티 코스트 공항,PPQ
투안쿠 탐부사이 공항,PPR
푸에르토 프린세사 국제 공항,PPS
파아 국제 공항,PPT
항구 보호 수상 비행기 기지,PPV
파파 웨스트레이 공항,PPW
푸꾸옥 국제공항,PQC
프레스크 아일 노던 메인 공항,PQI
팔렝케 국제공항,PQM
포트 맥쿼리 공항,PQQ
파일럿 스테이션 공항,PQS
제너럴 후스토 호세 데 우르키사 공항,PRA
어니스트 에이 러브 필드,PRC
바츨라프 하벨 공항프라하,PRG
프래 공항,PRH
프랄린 아일랜드 공항,PRI
포르티망 공항,PRM
프리슈티나 국제공항아뎀 자샤리,PRN
파라시 공항,PRS
프르제로프 공항,PRV
원더붐 공항,PRY
피사 국제 공항,PSA
트라이 시티 공항,PSC
포트 사이드 공항,PSD
메르세디타 공항,PSE
피츠필드 공항,PSF
피터스버그 제임스 A. 존슨 공항,PSG
장크트 페터 오르딩 공항,PSH
파스니 공항,PSI
카시군쿠 공항,PSJ
피스 포츠머스 국제공항,PSM
안토니오 나리뇨 공항,PSO
팜스프링스 국제공항,PSP
아브루초 공항,PSR
리베르타도르 제네랄 호세 데 산 마르틴 공항,PSS
팡수마 공항,PSU
파파 스투르 활주로,PSV
푸에르토 수아레스 국제 공항,PSZ
포트 알스워스 공항,PTA
말롤로 라이라이 공항,PTF
폴로콰네 국제 공항,PTG
포트 하이덴 공항,PTH
포틀랜드 공항,PTJ
오클랜드 카운티 국제 공항,PTK
쥬베날 루레이로 카르도소 공항,PTO
푸앵타피트르 국제공항,PTP
플래티넘 공항,PTU
헤리티지 필드,PTW
콘타도르 공항,PTX
토쿠멘 국제 공항,PTY
푸에블로 메모리얼 공항,PUB
푸에르토 데세아도 공항,PUD
푸에르토 오발디아 공항,PUE
포 피레네 공항,PUF
포트 오거스타 공항,PUG
푼타카나 국제공항,PUJ
푸카루아 공항,PUK
프레지덴테 카를로스 이바녜스 델 캄포 국제공항,PUQ
김해국제공항,PUS
스리 사티아 사이 공항,PUT
트레즈 데 마요 공항,PUU
풀만 모스크바 공항,PUW
풀라 공항,PUY
푸에르토 카베사스 공항,PUZ
엘 엠브루호 공항,PVA
프로빈스타운 공항,PVC
시어도어 프랜시스 그린 스테이트 공항,PVD
엘 포르베니르 공항,PVE
상하이 푸둥 국제공항,PVG
고베르나도르 호르헤 테세이라 데 올리베이라 국제공항,PVH
악티온 국립 공항,PVK
파이크 카운티 공항,PVL
레알레스 타마린도스 공항,PVO
리센시아도 구스타보 디아스 오르다스 국제공항,PVR
프로비데니야 베이 공항,PVS
프로보 공항,PVU
페벡 공항,PWE
시카고 이그제큐티브 공항,PWK
위라사바 공항,PWL
포틀랜드 국제공항제트포트,PWM
파블로다르 공항,PWQ
아퉁 붕수 공항,PXA
저명한 힐 공항,PXH
푸에르토 에스콘디도 국제 공항,PXM
포르토 산투 공항,PXO
플레이쿠 공항,PXU
제이포어 공항,PYB
플라욘 치코 공항,PYC
박용 공항,PYG
카시케 아라마레 공항,PYH
폴리아르니 공항,PYJ
파얌 국제공항,PYK
플리머스 공항,PYM
빠이 공항,PYY
피터마리츠버그 공항,PZB
조브 공항,PZH
판즈화 바오안잉 공항,PZI
푸카푸카 섬 비행장,PZK
줄루 인얄라 공항,PZL
마누엘 카를로스 피아르 과야나 공항,PZO
포트 수단 신국제 공항,PZU
피에슈하니 공항,PZY
라퀼라 프레투로 공항,QAQ
벨라 쿨라 공항,QBC
삼음바크웨 공항,QOW
케레타로 인터컨티넨털 공항,QRO
와리 공항,QRW
마리오 페레이라 로페스 공항,QSC
아인 아르나트 공항,QSF
살레르노 코스타 다말피 공항,QSR
샤체 공항,QSZ
우바리 공항,QUB
아크와 이봄 국제 공항,QUO
라바울 공항,RAB
아라르 국내선 공항,RAE
라파 국내선 공항,RAH
넬슨 만델라 국제 공항,RAI
라지코트 공항,RAJ
마라케시 메나라 공항,RAK
라밍기닝 공항,RAM
레이테 로페스 공항,RAO
래피드 시티 공항,RAP
스기마누루 공항,RAQ
라로통가 국제공항,RAR
라슈트 공항,RAS
라바트 살레 공항,RBA
댈러스 이그제큐티브 공항,RBD
스트라우빙 발뮐레 공항,RBM
루레나바케 공항,RBQ
플라시도 데 카스트로 국제공항,RBR
라마타 공항,RBV
룸벡 공항,RBX
루비 공항,RBY
엘즈워스 공군기지,RCA
리처드 베이 공항,RCB
로슈 하버 수상 비행기 기지,RCE
알미란테 파딜라 공항,RCH
레드클리프 공항,RCL
리치몬드 공항,RCM
레콩키스타 공항,RCQ
라스 이구에라스 공항,RCU
레드 독 공항,RDB
레딩 공항,RDD
레딩 지역공항,RDG
로버츠 필드,RDM
르당 공항,RDN
라돔 공항,RDO
카지 나즈룰 이슬람 공항,RDP
롤리 더럼 국제공항,RDU
레드 데빌 공항,RDV
로데즈 마르실락 공항,RDZ
레아오 공항,REA
헤시피/과라라페스 질베르토 프레이레 국제공항,REC
레지오 디 칼라브리아 공항,REG
알미란테 마르코스 A. 자르 공항,REL
오렌부르크 첸트랄니 공항,REN
시엠립 국제공항,REP
레탈룰레우 공항,RER
레지스텐시아 국제 공항,RES
뢰스트 공항,RET
레우스 공항,REU
추라타 공항,REW
제너럴 루시오 블랑코 국제공항,REX
레센데 공항,REZ
시카고 락퍼드 국제공항,RFD
라이아테아 공항,RFP
로지타 공항,RFS
헤르메스 키하다 국제 공항,RGA
발루가트 공항,RGH
랑기로아 공항,RGI
고르노 알타이스크 공항,RGK
필로토 시빌 노르베르토 페르난데스 국제공항,RGL
양곤 국제 공항,RGN
청진공항,RGO
부르고스 공항,RGS
자푸라 공항,RGT
테르마스 데 리오 혼도 공항,RHD
랭스 샴페인 공군 기지,RHE
라인랜더 오네이다 카운티 공항,RHI
로도스 국제 공항,RHO
라메챠프 공항,RHP
알 함라 수상비행기 기지,RHR
바단길린 공항,RHT
산타 마리아 공항,RIA
리베랄타 공항,RIB
리치몬드 국제 공항,RIC
리오그란데 공항,RIG
스칼렛 마르티네즈 국제 공항,RIH
후안 시몬스 벨라 공항,RIJ
리시리 공항,RIS
센트럴 와이오밍 공항,RIW
리가 국제 공항,RIX
리옌 공항,RIY
르자오 산쯔허 공항,RIZ
라자문드리 공항,RJA
라즈비라즈 공항,RJB
샤 마크둠 공항,RJH
리예카 공항,RJK
로그로뇨 아곤시요 공항,RJL
마린다 공항,RJM
라프산잔 공항,RJN
아라티카 노르드 공항,RKA
녹스 카운티 공항,RKD
로스킬레 공항,RKE
애런사스 카운티 공항,RKP
록 스프링스 스위트워터 카운티 공항,RKS
라스알카이마 국제공항,RKT
레이캬비크 공항,RKV
시가체 평화 공항,RKZ
로스토크 라게 공항,RLG
바얀누르 톈지타이 공항,RLK
발레 델 콘라라 공항,RLO
를레 드 라 렌느 공항,RLR
아를릿 공항,RLT
로마 공항,RMA
그리피스 국제 공항,RME
마르사 알람 국제 공항,RMF
페데리코 펠리니 국제 공항,RMI
렌마크 공항,RMK
콜롬보 국제공항 라트말라나,RML
키시나우 국제공항,RMO
램파트 공항,RMP
타이중 공항,RMQ
람슈타인 공군기지,RMS
리마타라 공항,RMT
레지온 데 무르시아 국제공항,RMU
울라와 공항,RNA
론네비 공항,RNB
콘아일랜드 공항,RNI
요론 공항,RNJ
레넬/팅고아 공항,RNL
칸 알람 공항,RNM
본홀름 공항,RNN
리노 타호 국제공항,RNO
롱겔랩 공항,RNP
렌 생 쟈크 공항,RNS
로어노크 블랙스버그 지역공항,ROA
로버츠 국제 공항,ROB
그레이터 로체스터 국제 공항,ROC
로이엣 공항,ROI
록햄프턴 공항,ROK
후안 호세 론돈 공항,RON
마에스트로 마리뉴 프랑코 에어포트 ,ROO
로타 국제공항,ROP
로만 트메투츨 국제공항,ROR
로사리오 이슬라스 말비나스 국제공항,ROS
로토루아 공항,ROT
플라토프 국제 공항,ROV
로스웰 국제 항공 센터,ROW
리오 마요 공항,ROY
로쉬 피나 공항,RPN
스와미 비베카난다 공항,RPR
뤄치앙 루란 공항,RQA
플레인 코레일 공항,RRG
자카레파구아 공항,RRJ
루르켈라 공항,RRK
라로이아 공항,RRR
뢰로스 공항,RRS
산타 로사 공항,RSA
록사운드 국제공항,RSD
러시안 미션 공항,RSH
다마진 공항,RSS
로체스터 국제 공항,RST
여수/순천공항,RSU
사우스웨스트 플로리다 국제공항,RSW
로투마 공항,RTA
후안 마누엘 갈베스 국제공항,RTB
라트나기리 공항,RTC
프란스 살레 레가 공항,RTG
데이비드 콘스탄틴 소데일 공항,RTI
로테르담 헤이그 공항,RTM
아루아 공항,RUA
샤루드 공항,RUD
부템보 공항,RUE
킹 칼리드 국제 공항,RUH
차우르자하리 공항,RUK
마바룰루 공항,RUL
룸자타르 공항,RUM
롤랑 가로스 공항,RUN
루시 공항,RUP
루루투 공항,RUR
마라우 공항,RUS
러틀랜드 서던 버몬트 지역 공항,RUT
코판 루이나스 공항,RUY
파라팡가나 공항,RVA
제너럴 레이테 데 카스트로 공항,RVD
로스 콜로니자도레스 공항,RVE
뢰르비크 공항,RVK
로바니에미 공항,RVN
리처드 로이드 존스 주니어 공항,RVS
레이븐스소프 공항,RVT
라이바바에 공항,RVV
리베라 국제공항,RVY
리브네 국제 공항,RWN
로하스 공항,RXS
모스 공항,RYG
셰이크 자예드 국제공항,RYK
리오 투르비오 공항,RYO
제슈프 야시온카 공항,RZE
세자르 림 로드리게스 공항,RZP
람사르 국제공항,RZR
사완공항,RZS
리제 아르빈 공항,RZV
후안초 E. 이라우스퀸 공항,SAB
산타페 공항,SAF
쉬르디 공항,SAG
사나 국제공항,SAH
씨엠립 공항국제공항,SAI
스카가비요뒤르 공항,SAK
몬세뇨르 오스카르 아르눌포 로메로 국제공항,SAL
샌디에이고 국제 공항,SAN
라몬 빌레다 모랄레스 국제 공항,SAP
샌 안드로스 공항,SAQ
샌 안토니오 국제 공항,SAT
사바나/힐튼헤드 국제공항,SAV
사비하 괵첸 국제공항,SAW
삼부 공항,SAX
산타바바라 공항,SBA
샌버나디노 국제공항,SBD
마이문 살레 공항,SBG
구스타프 3세 공항,SBH
생브리외,SBK
사우스 벤드 국제 공항,SBN
산 루이스 오비스포 카운티 지역공항,SBP
사이바이 아일랜드 공항,SBR
스팀보트 스프링스 공항,SBS
사베타 국제공항,SBT
시부 공항,SBW
솔즈베리 오션시티 위코미코 공항,SBY
시비우 국제 공항,SBZ
데드호스 공항,SCC
스테이트 칼리지 지역공항,SCE
스코츠데일 공항,SCF
파라미요 공항,SCI
스톡턴 메트로폴리탄 공항,SCK
아르투로 메리노 베니테스 국제 공항,SCL
스캐먼 베이 공항,SCM
자르브뤼켄 공항,SCN
악타우 공항,SCO
산티아고 데 콤포스텔라 공항,SCQ
스칸디나비아 산맥 공항,SCR
소코트라 공항,SCT
안토니오 마세오 국제공항,SCU
수체아바 국제공항,SCV
식티브카르 공항,SCW
살리나 크루즈 공항,SCX
산 크리스토발 공항,SCY
산타크루즈/그라시오사 베이/루오바 공항,SCZ
루방고 무칸카 공항,SDD
비스코모도로 앙헬 데 라 파스 아라고네스 공항,SDE
루이빌 국제공항,SDF
사난다즈 공항,SDG
센다이 공항,SDJ
산다칸 공항,SDK
순스발 티므루 공항,SDL
산다네 공항,SDN
샌드 포인트 공항,SDP
라스 아메리카스 국제 공항,SDQ
산탄데르 공항,SDR
사도공항,SDS
사이두 샤리프 공항,SDT
산토스 두몽 공항,SDU
시드니 리치랜드 공항,SDY
시애틀 타코마 국제공항,SEA
사바 공항,SEB
스레드네콜림스크 공항,SEK
런던 사우스엔드 공항,SEN
세로네라 활주로,SEU
시와 오아시스 노스 에어포트,SEW
세이셸 국제 공항,SEZ
스팍스 티나 국제공항,SFA
올랜도 샌포드 국제 공항,SFB
라스 플레체라스 공항,SFD
산 페르난도 공항,SFE
펠츠 필드,SFF
레스페랑스 공항,SFG
캉게를루수아크 공항,SFJ
상 필리페 공항,SFL
사우세 비에호 공항,SFN
샌프란시스코 국제 공항,SFO
수빅 베이 국제 공항,SFS
스켈레프테오 공항,SFT
마카과 공항,SFX
수르구트 국제공항,SGC
쇠네르보르 공항,SGD
시거랜드 공항,SGE
스프링필드 브랜슨 내셔널 공항,SGF
시망강 공항,SGG
상가피 공항,SGK
생레이 포인트 공항,SGL
탄손누트 국제공항,SGN
세인트 조지 공항,SGO
슈투트가르트 공항,SGT
세인트 조지 공항,SGU
송에아 공항,SGX
스캐그웨이 공항,SGY
상하이 훙차오 국제공항,SHA
나카시베쓰 공항,SHB
샤이어 공항,SHC
셰넌도어 밸리 공항,SHD
선양 타오셴 국제공항,SHE
스허지 화위안 공항,SHF
슝낙 공항,SHG
시슈마레프 공항,SHH
시모지시마 공항,SHI
샤르자 국제 공항,SHJ
실롱 공항,SHL
난키 시라하마 공항,SHM
킹 음스와티 3세 국제공항,SHO
셰리든 카운티 공항,SHR
샤시 공항,SHS
슈리브포트 공항,SHV
샤루라 국내선 공항,SHW
샤겔룩 공항,SHX
신양가공항,SHY
시비티 공항,SIB
산호세 공항,SIC
아밀카르 카브랄 국제공항,SID
시마라 공항,SIF
페르난도 루이스 리바스 도미니치 공항,SIG
싱가포르 창이 공항,SIN
심페로폴 국제 공항,SIP
다보 싱켑 공항,SIQ
시온 공항,SIR
시셴 공항,SIS
싯카 록키 구티에레스 공항,SIT
시우나 공항,SIU
시비사 공항,SIW
산호세 국제 공항,SJC
로스 카보스 국제 공항,SJD
호르헤 엔리케 곤잘레스 토레스 공항,SJE
산호세 공항,SJI
사라예보 국제 공항,SJJ
우르바노 에르네스토 스텀프 공항교수,SJK
상 가브리엘 다 카초에이라 공항,SJL
산 후안 데 라 마구아나 공항,SJM
후안 산타마리아 국제공항,SJO
에리벨토 마노엘 레이노 주립 공항교수,SJP
산호세 데 치키토스 공항,SJS
샌앤젤로 지역공항,SJT
루이스 무뇨스 마린 국제공항,SJU
스자좡 정딩 국제공항,SJW
세이나요키 공항,SJY
상 조르즈 공항,SJZ
페어차일드 공군기지,SKA
로버트 L. 브래드쇼 국제공항,SKB
스키 공항,SKC
사마르칸트 국제공항,SKD
스키엔 공항,SKE
테살로니키 공항,SKG
수르케트 공항,SKH
샥툴릭 공항,SKK
브로드포드 비행장,SKL
스톡마크네스 공항,SKN
사디크 아부바카르 III 국제공항,SKO
"스코페 ""알렉산더 대왕"" 공항",SKP
시알코트 국제 공항,SKT
스키로스 아일랜드 내셔널 공항,SKU
세인트 캐서린 국제 공항,SKV
사란스크 공항,SKX
수쿠르 공항,SKZ
마르틴 미겔 데 구에메스 국제 공항,SLA
솔트레이크시티 국제공항,SLC
슬리악 공항,SLD
맥네리 필드,SLE
바누아 라바 공항,SLH
솔웨지 공항,SLI
솔로몬 공항,SLJ
애디론댁 공항,SLK
살랄라 국제 공항,SLL
살라망카 공항,SLM
살리나 공항,SLN
폰치아노 아리아가 국제공항,SLP
슬리트무트 공항,SLQ
설파 스프링스 공항,SLR
조지 F. L. 찰스 공항,SLU
심라 공항,SLV
플랜 드 과달루페 국제공항,SLW
솔트 케이 공항,SLX
살레하르트 공항,SLY
마레찰 쿠냐 마차도 국제공항,SLZ
산타 마리아 공항,SMA
스미스 필드,SMD
새크라멘토 국제 공항,SMF
산타 마리아 공항,SMG
"사모스 국제 공항""사모스의 아리스타르코스""",SMI
세인트 마이클 공항,SMK
스텔라 마리스 공항,SML
레미 카운티 공항,SMN
에이치아산공항,SMQ
시몬 볼리바르 국제 공항,SMR
생트 마리 공항,SMS
사메단 공항,SMV
스마라 공항,SMW
산타 마리아 퍼블릭 공항,SMX
존 웨인 공항,SNA
스네이크 베이 공항,SNB
제너럴 울피아노 파에즈 공항,SNC
프레기사 공항,SNE
카피탄 애비뉴 후안 코차마니디스 공항,SNG
섀넌 공항,SNN
사콘나콘 공항,SNO
세인트폴 아일랜드 공항,SNP
생나제르 몽트와 공항,SNR
아벨 산타마리아 공항,SNU
산타 엘레나 데 우아이렌 공항,SNV
탄드웨 공항,SNW
셈난 시립공항,SNX
시드니 뮤니시펄 공항,SNY
헤비즈 발라톤 공항,SOB
아디수마르모 국제공항,SOC
베르트람 루이스 로이폴츠 소로카바 공항,SOD
소피아 공항,SOF
송달 공항,SOG
쇠르요센 공항,SOJ
산 토메 공항,SOM
산토 페코아 국제 공항,SON
무어 카운티 공항,SOP
도미니크 에드워드 오속 공항,SOQ
사우샘프턴 공항,SOU
셀도비아 공항,SOV
로우 지역 공항표시,SOW
스트론세이 공항,SOY
라 팔마 공항,SPC
사이드푸르 공항,SPD
에이브러햄 링컨 캐피털 공항,SPI
사이판 국제공항,SPN
메농그 공항,SPP
존 그리프 II 공항,SPR
위치타 폴스 공항,SPS
스플리트 공항,SPU
스핑크스 국제공항,SPX
산 페드로 공항,SPY
상라오 싼칭산 공항,SQD
테벨리안 공항,SQG
나센 공항,SQH
싼밍 샤셴 공항,SQJ
사나나 공항,SQN
스토루만 공항,SQO
샤울라이 국제공항,SQQ
소로아코 공항,SQR
매튜 스페인 공항,SQS
산타로사 공항,SRA
알칸타리 공항,SRE
아흐마드 야니 국제공항,SRG
사르 공항,SRH
카피탄 게르만 키로가 과르디아 공항,SRJ
스트라한 공항,SRN
스트로드 공항,SRP
새러소타 브레이든턴 국제공항,SRQ
스토니 리버 공항,SRV
가르다비아 공항,SRX
다쉿 나즈 공항,SRY
엘 트롬필로 공항,SRZ
데푸타도 루이스 에두아르도 마갈량이스 국제공항,SSA
솔라푸르 공항,SSE
스틴슨 공항,SSF
말라보 국제공항,SSG
샤름 엘 셰이크 국제 공항,SSH
스토카 공항,SSJ
사라 공항,SSR
음반자 콩고 공항,SSY
세인트 클라우드 공항,STC
시장 부에나벤투라 비바스 공항,STD
세인트 조지 공항,STG
시바오 국제공항,STI
램버트 세인트루이스 국제공항,STL
산타렘 마에스트로 윌슨 폰세카 공항,STM
런던 스탠스테드 공항,STN
슈투트가르트 공항,STR
찰스 M. 슐츠 소노마 카운티 공항,STS
시릴 E. 킹 공항,STT
수랏 공항,STV
스타브로폴 슈파콥스코예 공항,STW
헨리 E. 롤슨 공항,STX
누에바 헤스페리데스 국제 공항,STY
주안다 국제 공항,SUB
라메지아 테르메 국제공항,SUF
수리가오 공항,SUG
사투마레 국제공항,SUJ
사키리르 공항,SUK
수이공항,SUL
프리드먼 메모리얼 공항,SUN
트루노조요 공항,SUP
서머 비버 공항,SUR
스피릿 오브 세인트루이스 공항,SUS
숨바왕가 공항,SUT
나우소리 국제공항,SUV
수 게이트웨이 공항,SUX
순타르 공항,SUY
사봉가 공항,SVA
삼바바 공항,SVB
그랜트 카운티 공항,SVC
아가일 국제 공항,SVD
스타방에르 공항 솔라,SVG
에두아르도 팔라 솔라노 공항,SVI
스볼베르 공항,SVJ
실버 크릭 공항,SVK
사본린나 공항,SVL
헌터 육군 비행장,SVN
셰레메티예보 국제 공항,SVO
쿠이토 공항,SVP
세비야 공항,SVQ
스티븐스 빌리지 공항,SVS
사부사부 공항,SVU
콜초보 국제 공항,SVX
후안 비센테 고메스 국제 공항,SVZ
제양 차오산 국제공항,SWA
스튜어트 국제 공항,SWF
사우스 웨스트 베이 공항,SWJ
산 비센테 공항,SWL
스틸워터 공항,SWO
술탄 무하마드 카하루딘 3세 공항,SWQ
스완지 공항,SWS
스트레체보이 공항,SWT
세베로에벤스크 공항,SWV
스트라스부르 공항,SXB
시리 아일랜드 공항,SXI
사움라키 공항,SXK
슬라이고 공항,SXL
프린세스 줄리아나 국제 공항,SXM
상펠릭스 두 아라과이아 공항,SXO
셸던 포인트 공항,SXP
셰이크 울 알람 국제공항,SXR
세일럼 공항,SXV
시이르트 공항,SXZ
씰 베이 수상비행기 기지,SYB
시드니 공항,SYD
시르잔 공항,SYJ
푸얼시마오 공항,SYM
쇼나이 공항,SYO
토비아스 볼라뇨스 국제 공항,SYQ
시러큐스 핸콕 국제 공항,SYR
사스카라크 공항,SYS
워레이버 아일랜드 공항,SYU
싼야 봉황국제공항,SYX
스토노웨이 공항,SYY
시라즈 국제공항,SYZ
소요공항,SZA
술탄 압둘 아지즈 샤 공항,SZB
세메라 공항,SZE
챨삼바 공항,SZF
잘츠부르크 공항,SZG
자이산 공항,SZI
스쿠쿠자 공항,SZK
슈베린 파르침 국제공항,SZW
선전 바오안 국제공항,SZX
올슈틴 마주리 공항,SZY
연대 슈체친 골레니우프 공항,SZZ
아서 나폴레옹 레이몬드 로빈슨 국제 공항,TAB
다니엘 Z. 로무알데스 공항,TAC
대구국제공항,TAE
보홀 팡라오 국제공항,TAG
화이트그래스 공항,TAH
타이즈 국제 공항,TAI
다카마쓰 공항,TAK
랄프 M. 칼훈 메모리얼 공항,TAL
제너럴 프란시스코 하비에르 미나 국제공항,TAM
칭다오 자오둥 국제공항,TAO
타파출라 국제공항,TAP
타란토 그로타글리 공항,TAR
타슈켄트 국제 공항,TAS
포프라드 타트리 공항,TAT
타르투 공항,TAY
다쇼구즈 공항,TAZ
동택 공항,TBB
타비테우에아 북공항,TBF
타부빌 공항,TBG
툭단 공항,TBH
뉴 바이트 공항,TBI
타바르카 아인 드라함 국제공항,TBJ
툼방 삼바 공항,TBM
웨인스빌 세인트. 로버트 지역공항,TBN
타보라 공항,TBO
페드로 칸가 로드리게스 공항,TBP
트빌리시 국제 공항,TBS
타바팅가 국제공항,TBT
푸아모투 국제공항,TBU
탐보프 돈스코예 공항,TBW
타브리즈 국제 공항,TBZ
테넌트 크릭 공항,TCA
트레저 케이 공항,TCB
타라파카 공항,TCD
툴체아 다뉴브 델타 공항,TCE
타청 공항,TCG
터스컬루사 공항,TCL
맥코드 필드,TCM
테우아칸 공항,TCN
라 플로리다 공항,TCO
타바 국제 공항,TCP
코로넬 FAP 카를로스 시리아니 산타 로사 국제공항,TCQ
투티코린 공항,TCR
타코트나 공항,TCT
타바스 공항,TCX
텅충 투오펑 공항,TCZ
테니엔테 호르헤 헨리히 아라우즈 공항,TDD
탄다그 공항,TDG
탈디코간 공항,TDK
뜨랏 공항,TDX
텔라 공항,TEA
테터보로 공항,TEB
테베사 공항,TEE
텔퍼 공항,TEF
테즈 공항,TEI
타타이틀크 공항,TEK
텔루피드 공항,TEL
퉁런 펑황 공항,TEN
테키르다 촐루 공항,TEQ
라예즈 공항,TER
마툰도 공항,TET
테아나우 공항,TEU
테루엘 공항,TEV
텔루라이드 지역공항,TEX
테즈퍼 공항,TEZ
테페 공항,TFF
투피 공항,TFI
테네리페 북부 공항,TFN
테네리페 남부 공항,TFS
청두 톈푸 국제공항,TFU
탄중 마니스 공항,TGC
포드고리차 공항,TGD
술탄 마흐무드 공항,TGG
통고아 공항,TGH
팅고 마리아 공항,TGI
티가 공항,TGJ
타간로크 공항,TGK
타르구 무레슈 국제공항,TGM
퉁랴오 공항,TGO
포드카멘나야 퉁구스카 공항,TGP
탕가라 다 세라 공항,TGQ
시디 마흐디 공항,TGR
탕가 공항,TGT
톤콘틴 국제 공항,TGU
앙헬 알비노 코르조 국제공항,TGZ
토 쑤언 공항,THD
테레지나 세나도르 페트로니우 포르텔라 공항,THE
탄굴 공항,THG
타칠렉 공항,THL
트롤헤탄 베너스보르 공항,THN
토르쇼픈 공항,THO
톈수이 마이지산 공항,THQ
메흐라바드 국제 공항,THR
수코타이 공항,THS
피투픽 우주 기지,THU
투루한스크 공항,THX
타후아 공항,THZ
티라나 국제공항Nene Tereza,TIA
압델하피드 부수프 부 체키프 공항,TID
타이프 공항,TIF
티케하우 공항,TIH
타린코트 공항,TII
티후아나 국제 공항,TIJ
모제스 킬랑긴 공항,TIM
틴두프 공항,TIN
트리폴리 국제 공항,TIP
티니안 국제공항,TIQ
티루파티 공항,TIR
리처드 피어스 공항,TIU
티밧 공항,TIV
타코마 내로스 공항,TIW
타리 공항,TIZ
캡틴 오리엘 레아 플라자 공항,TJA
세이바티 공항,TJB
와루킨 공항,TJG
다지마 공항,TJH
트루히요 공항,TJI
토캇 공항,TJK
플리니우 알라콤 공항,TJL
로시치노 국제 공항,TJM
다쿠메 공항,TJN
불루툼방 공항,TJQ
탄중 하라판 공항,TJS
쿨롭 공항,TJU
타코라디 공항,TKD
테나키 수상비행기 기지,TKE
트러키 타호 공항,TKF
라딘 인텐 II 공항,TKG
톡 정션 공항,TKJ
추크 국제 공항,TKK
도쿠노시마 공항,TKN
다카포토 공항,TKP
키고마 공항,TKQ
도쿠시마 공항,TKS
탁 공항,TKT
투르쿠 공항,TKU
다타코토 공항,TKV
다카로아 공항,TKX
텔러 공항,TLA
리센시아도 아돌포 로페스 마테오스 국제공항,TLC
톨리아라 공항,TLE
탤러해시 국제 공항,TLH
술탄 반티란 공항,TLI
타탈리나 LRRS 공항,TLJ
탈라칸 공항,TLK
탈린 공항,TLL
제나타 메살리 엘 하지,TLM
툴롱 예르 공항,TLN
투르판 자오허 공항,TLQ
툴루즈 블라냑 공항,TLS
툴룩삭 공항,TLT
골포 데 모로스키요 공항,TLU
벤구리온 공항,TLV
팡길레모 공항,TLX
플라툰 공항,TLY
탐볼라카 공항,TMC
가브리엘 바르가스 산토스 공항,TME
티마라푸시 공항,TMF
타나 메라 공항,TMH
툼링타르 공항,TMI
테르메스 공항,TMJ
땀껑 공항,TMK
타말레 공항,TML
토아마시나 공항,TMM
다마나 공항,TMN
탐페레 피르칼라 공항,TMP
타만라세트 공항,TMR
상투메 국제공항,TMS
포르토 트롬베타스 공항,TMT
탐보르 공항,TMU
탬워스 공항,TMW
티모운 공항,TMX
지난 야오창 국제공항,TNA
틴 시티 LRRS 공항,TNC
신다네가시마 공항,TNE
탕헤르 이븐 바투타 공항,TNG
퉁화 싼위안푸 공항,TNH
라자하지피사빌라 공항,TNJ
투누낙 공항,TNK
타이난 공항,TNN
타마린도 공항,TNO
이바토 국제 공항,TNR
주맨디 공항,TNW
토손첸겔 공항,TNZ
토브룩 공항,TOB
토코아 공항,TOC
티오만 공항,TOD
토제르 네프타 국제공항,TOE
보가셰보 공항,TOF
토기악 공항,TOG
토레스 공항,TOH
마드리드 토레혼 공항,TOJ
톨레도 익스프레스 공항,TOL
팀북투 공항,TOM
트롬쇠 공항 랑네스,TOS
동방 공항,TOU
루이스 달 카날레 필류 공항,TOW
도야마 공항,TOY
탬파 국제 공항,TPA
타라포아 공항,TPC
타이완 타오위안 국제공항,TPE
타피니 공항,TPI
타평정 공항,TPJ
캐디드 FAP 기예르모 델 카스티요 파레데스 공항,TPP
아마도 네르보 국제공항,TPQ
빈첸초 플로리오 공항트라파니 비르기,TPS
타르코살레 공항,TQL
툴룸 국제 공항,TQO
트레펠 공항,TQP
타라마 공항,TRA
프란시스코 사라비아 국제공항,TRC
트론헤임 공항,TRD
티리 공항,TRE
TORP 산데피오르드 공항,TRF
타우랑가 공항,TRG
트라이 시티스 공항,TRI
주와타 국제공항,TRK
재클린 코크란 공항,TRM
토리노 공항,TRN
타리 공항,TRO
차이나 베이 공항,TRR
트리에스테 공항,TRS
카피탄 FAP 카를로스 마르티네즈 데 피닐로스 공항,TRU
트리반드룸 국제 공항,TRV
본리키 국제 공항,TRW
티루치라팔리 국제공항,TRZ
타이베이 쑹산 공항,TSA
트레비소 산탄젤로 공항,TSF
치카파 공항,TSH
쓰시마 공항,TSJ
타무인 공항,TSL
타오스 지역공항,TSM
톈진 빈하이 국제공항,TSN
티미쇼아라 트라이안 부이아 국제공항,TSR
짱 공항,TST
타비테우에아 사우스 공항,TSU
타운스빌 공항,TSV
타식말라야 공항,TSY
탄탄 공항,TTA
토르톨리 공항,TTB
술탄 바불라 공항,TTE
타르타갈 공항,TTG
돗토리 공항,TTJ
트렌턴 머서 공항,TTN
토르투게로 공항,TTQ
타이동 공항,TTT
사니아 라멜 공항,TTU
티사 탱크 워터드롬,TTW
테니엔테 코로넬 루이스 아 만티야 국제공항,TUA
투부아이 마타우라 공항,TUB
테니엔테 제네랄 벤하민 마티엔조 국제공항,TUC
탐바쿤다 공항,TUD
투르 발 드 루아르 공항,TUF
투게가라오 공항,TUG
투라이프 국내선 공항,TUI
투르바트 국제 공항,TUK
털사 국제 공항,TUL
튀니스 카르타고 국제공항,TUN
타우포 공항,TUO
투펠로 공항,TUP
투쿠루이 공항,TUR
투손 국제 공항,TUS
타부크 공항,TUU
산 라파엘 공항,TUV
투발라 공항,TUW
모라페노베 공항,TVA
체리 캐피탈 공항,TVC
시프 리버 폴스 공항,TVF
레이크 타호 공항,TVL
탕산 산뉘허 공항,TVS
마테이 공항,TVU
다웨이 공항,TVY
트윈 힐스 공항,TWA
투움바 시티 비행장,TWB
툼쑥 탕왕청 공항,TWC
매직 밸리 지역 공항,TWF
상가상가 공항,TWT
타와우 공항,TWU
푸카키 공항,TWZ
렘벨레 공항,TXE
테세이라 데 프레이타스 공항,TXF
텍사캐나 지역공항,TXK
황산 툰시 국제공항,TXN
틴다 공항,TYD
토스비 공항,TYF
카피탄 FAP 빅토르 몬테스 아리아스 국제공항,TYL
스타니엘 케이 공항,TYM
타이위안 우수 국제공항,TYN
타일러 파운즈 공항,TYR
맥기 타이슨 공항,TYS
벨리즈 시티 공항,TZA
투즐라 국제 공항,TZL
사우스 안드로스 공항,TZN
트라브존 공항,TZX
우아후카 공항,UAH
나르사수아크 공항,UAK
루아우 공항,UAL
우아포우 공항,UAP
도밍고 파우스티노 사르미엔토 공항,UAQ
부아르파 공항,UAR
삼부루 공항,UAS
마리오 데 알메이다 프랑코 공항,UBA
마부이악 아일랜드 공항,UBB
야마구치 우베 공항,UBJ
칭기즈칸 국제공항,UBN
우본랏차타니 공항,UBP
우바투바 공항,UBT
울란차브 공항,UCB
루츠크 공항,UCK
우흐타 공항,UCT
우벨란디아 공항,UDI
우즈호로드 국제공항,UDJ
마하라나 프라탑 공항,UDR
퀼리마네 공항,UEL
구메지마 공항,UEO
워키샤 카운티 공항,UES
퀘타 국제 공항,UET
우파 국제 공항,UFA
우르겐치 국제 공항,UGC
산후안,UGI
위제 공항,UGO
우가시크 공항,UGS
불락타이 공항,UGT
쿠노비체 공항,UHE
엘 카라뇨 공항,UIB
푸캇 공항,UIH
우틸라 공항,UII
우스트 일림스크 공항,UIK
퀸시 지역 공항,UIN
마리스칼 수크레 국제 공항,UIO
캉페르코르누아이유 공항,UIP
잘루이트 공항,UIT
우재공항,UJE
우쿤다 공항,UKA
고베 공항,UKB
우스트 쿠이가 공항,UKG
무카이즈나 공항,UKH
오스케멘 공항,UKK
세바스토폴 국제공항,UKS
우스트 쿠트 공항,UKX
카피탄 호세 다니엘 바스케스 공항,ULA
울레이 공항,ULB
울룬디 공항,ULD
욀기 공항,ULG
프린스 압둘 마지드 빈 압둘아지즈 국내선 공항,ULH
렌스크 공항,ULK
보얀트 우카 국제공항,ULN
울란곰 공항,ULO
퀼파이 공항,ULP
구루 공항,ULU
울리야놉스크 바라타예프카 공항,ULV
울루사바 활주로,ULX
울리야놉스크 보스토크니 공항,ULY
도노이 공항,ULZ
우메오 공항,UME
우스트 마야 공항,UMS
수미 공항,UMY
우나 코만다투바 공항,UNA
쿤두즈 공항,UND
기웅가 공항,UNG
어널래클릿 공항,UNK
라농 공항,UNN
무루로아 공항,UOA
포고굴 공항,UOL
유니버시티 옥스퍼드 공항,UOX
플라야 바라코아 공항,UPB
술탄 하사누딘 국제공항,UPG
이그나시오 로페스 라욘 국제공항,UPN
오랄 악 졸 공항,URA
우루무치 디워푸 국제공항,URC
쿠레사레 공항,URE
루벰 베르타 국제 공항,URG
우라이 공항,URJ
루앙 공항,URO
쿠르스크 보스토크니 공항,URS
수랏타니 공항,URT
구라얏 국내선 공항,URY
콩코드 지역공항,USA
우수아이아 말비나스 아르헨티나스 국제공항,USH
우샤랄 공항,USJ
우신스크 공항,USK
사무이 공항,USM
울산공항,USN
우샤크 공항,USQ
우스트 네라 공항,USR
노스이스트 플로리다 지역공항,UST
프란시스코 B. 레예스 공항,USU
우돈타니 국제공항,UTH
유티릭 공항,UTK
투니카 시립공항,UTM
어핑턴 공항,UTN
인디언 마운틴 LRRS 공항,UTO
우타파오 국제공항,UTP
우스트 틸마 공항,UTS
음타타 공항,UTT
우스투포 공항,UTU
부굴마 공항,UUA
바이칼 국제 공항,UUD
유즈노사할린스크 공항,UUS
우베아 공항,UVE
헤와노라 국제공항,UVF
엘 카르가 공항,UVL
니얄라 공항,UYL
위린 공항,UYN
우유니 공항,UYU
우르자르 공항,UZR
바사 공항,VAA
메이저 브리가데이로 트롬포프스키 공항,VAG
바니모 공항,VAI
체박 공항,VAK
발렌사 공항,VAL
빌라 인터내셔널 에어포트 마미길리 ,VAM
반 페리 멜렌 공항,VAN
수아바나오 공항,VAO
바르나 공항,VAR
시바스 공항,VAS
바바우 국제공항,VAV
바르되 공항 스바르트네스,VAW
앤 공항,VBA
복평공항,VBP
브레시아 공항,VBS
바누아발라부 공항,VBV
비스비 공항,VBY
껀터 국제공항,VCA
베네치아 마르코 폴로 공항,VCE
추라이 국제공항,VCL
비라코포스/캄피나스 국제공항,VCP
꼰다오 공항,VCS
빅토리아 공항,VCT
서던 캘리포니아 로지스틱스 공항,VCV
레이린 공항,VDB
글라우버 로샤 공항,VDC
엘 히에로 공항,VDE
동호이 공항,VDH
고베르나도르 에드가르도 카스텔로 공항,VDM
반 돈 국제 공항,VDO
바드쇠 공항,VDS
비댜나가르 공항,VDY
밸디즈 공항,VDZ
베네티 공항,VEE
버널 공항,VEL
헤네랄 헤리베르토 자라 국제공항,VER
베스트만네이야 공항,VEY
빅토리아 폴스 공항,VFA
비쟈와와다 공항,VGA
볼로그다 공항,VGD
비고 페이나도르 공항,VGO
빌라 가르손 에어포트 ,VGZ
엔리크 데 카르발류 공항,VHC
빌헬미나 공항,VHM
베르흐네빌류스크 공항,VHV
바히타히 공항,VHZ
비엔나 국제 공항,VIE
후안 파블로 페레스 알폰조 공항,VIG
빈 국제 공항,VII
버진고르다 공항,VIJ
다클라 공항,VIL
하브리시브카 빈니차 국제공항,VIN
버지니아 공항,VIR
비살리아 공항,VIS
비토리아 공항,VIT
에우리코 살레즈 공항,VIX
샤이샤이 공항,VJB
버지니아 하이랜드 공항,VJI
락쟈 공항,VKG
브누코보 국제공항,VKO
보르쿠타 공항,VKT
발렌시아 공항,VLC
발도스타 공항,VLD
빌라 게셀 에어포트 ,VLG
바우어필드 국제 공항,VLI
바야돌리드 공항,VLL
아르투로 미켈레나 국제 공항,VLN
빌라리카 공항,VLP
발레스데르 공항,VLS
닥터 안토니오 니콜라시 브리체뇨 공항,VLV
앵글시 공항,VLY
빌라 레이놀즈 에어포트 ,VME
베니스 공항,VNC
빌니우스 공항,VNO
랄 바하두르 샤스트리 공항,VNS
빌란쿨로 공항,VNX
반 누이 공항,VNY
보도초디 공항,VOD
볼고그라드 국제 공항,VOG
네아 안키알로스 공항,VOL
보로네시 국제공항,VOZ
온지바 페레이라 공항,VPE
비핑고 공항,VPG
보프나피외르뒤르 공항,VPN
데스틴 포트 월튼 비치 공항,VPS
치모이오 공항,VPY
세실 공항,VQQ
안토니오 리베라 로드리게스 공항,VQS
후안 구알베르토 고메즈 공항,VRA
베로비치 공항,VRB
비락 공항,VRC
바르카우스 공항,VRK
빌라 레알 공항,VRL
베로나 빌라프랑카 공항,VRN
카를로스 로비로사 페레스 국제 공항,VSA
비세우 공항,VSE
루한스크 국제공항,VSG
스톡홀름 베스테로스 공항,VST
비쳅스크 보스토크니 공항,VTB
왓타이 국제 공항,VTE
에르마노스 아메이헤이라스 공항,VTU
비사카파트남 공항,VTZ
알폰소 로페스 푸마레호 공항,VUP
벨리키 우스티우그 공항,VUS
음부우 캠프 공항,VUU
라 방과디아 공항,VVC
비루비루 국제공항,VVI
블라디보스토크 국제 공항,VVO
타카말트 공항,VVZ
리칭가 공항,VXC
체사리아 에보라 공항,VXE
벡셰/크로노베르크 공항,VXO
빌류이스크 공항,VYI
웨일스 공항,WAA
와디 알 다와시르 국내선 공항,WAE
황가누이 공항,WAG
암발라베 공항,WAI
암바톤드라자카 공항,WAM
워터퍼드 공항,WAT
바르샤바 쇼팽 공항,WAW
스테빈스 공항,WBB
와페나만다 공항,WBM
비버 공항,WBQ
호세아 쿠타코 국제 공항,WDH
스옌 우당산 공항,WDS
웨이팡 공항,WEF
웨이하이 다수이보 공항,WEH
웨이파 공항,WEI
피아나란초아 공항,WFI
와가와가 공항,WGA
와랑갈 공항,WGC
샤오양 우강 공항,WGN
마우하우 공항,WGP
우후 쉬안저우 공항,WHA
하이더 수상 비행기 기지,WHD
와디 할파 공항,WHF
와카타네 공항,WHK
윅 공항,WIC
윌슨 공항,WIL
윈턴 공항,WIN
워자 공항,WJA
와지르 공항,WJR
원주공항,WJU
와나카 공항,WKA
왓카나이 공항,WKJ
알렉나직 공항,WKK
마일즈 공항,WLE
웰링턴 국제 공항,WLG
왈라하 공항,WLH
셀라윅 공항,WLK
웨스트 앤젤러스 공항,WLP
히히포 공항,WLS
워남불 공항,WMB
마운트 키스 공항,WME
바르샤바 모들린 공항,WMI
마이어스 척 수상 비행기 기지,WMK
마로안세트라 공항,WMN
화이트 마운틴 공항,WMO
마나나라 노르드 공항,WMR
쭌이 마오타이 공항,WMT
와메나 공항,WMX
나파키악 공항,WNA
원산푸저헤이 공항,WNH
마타호라 공항,WNI
운눔민 레이크 공항,WNN
나가 공항,WNP
윈도라 공항,WNR
나와브샤 공항,WNS
원저우 룽완 국제공항,WNZ
셸하버 공항,WOL
왕안공항,WOT
위핌 공항,WPM
과르디아마리나자나르투 공항,WPU
로빈스 공군기지,WRB
황가레이 공항,WRE
랭겔 공항,WRG
맥과이어 공군기지,WRI
월랜드 시립공항,WRL
니콜라우스 코페르니쿠스 공항,WRO
웨스트레이 공항,WRY
위라윌라 공항,WRZ
충칭 우산 공항,WSK
사우스 나크넥 공항,WSN
와스팸 공항,WSP
웨스털리 스테이트 공항,WST
웨스트포트 공항,WSZ
투움바 웰캠프 공항,WTB
워체 공항,WTE
노아탁 공항,WTK
툰투툴리악 공항,WTL
워토 공항,WTO
워이타페 공항,WTP
치로아노만디디 공항,WTS
우하이 공항,WUA
우한 톈허 국제공항,WUH
윌루나 공항,WUN
우이산 공항,WUS
신저우 우타이산 공항,WUT
와우 공항,WUU
쑤난 슈오팡 국제공항,WUX
우저우 시장 공항,WUZ
월브스 베이 공항,WVB
제이드웨저공항,WVN
우디 우디 공항,WWI
웨왁 공항,WWK
노스 웨일 수상비행기 기지,WWP
뉴톡 공항,WWT
완저우 우차오 공항,WXN
화이앨라 공항,WYA
옐로스톤 공항,WYS
와 공항,WZA
우라드 미들배너 공항,WZQ
신양 밍강 공항,XAI
세라핀 에노스 베르타소 공항,XAP
베어스킨 레이크 공항,XBE
비르잔드 국제 공항,XBJ
브로크빌 지역 태커베리 공항,XBR
크리스마스 아일랜드 공항,XCH
샬롱 배트리 공항,XCR
샹양 류지 공항,XFN
함부르크 핀켄베르더 공항,XFW
캥그프샬르주악 공항,XGR
시창 칭산 공항,XIC
시린하오터 공항,XIL
시안 셴양 국제공항,XIY
시엥 쿠앙 공항,XKH
카사보니카 공항,XKS
락 브로셰 공항,XLB
세인트 루이스 공항,XLS
샤먼 가오치 국제공항,XMN
에드문도 카르바할 공항,XMS
얌 아일랜드 공항,XMY
노스웨스트 아칸소 공항,XNA
알리 공군기지,XNH
시닝 차오자바오 공항,XNN
싱타이 다롄 공항,XNT
소토 카노 공군기지,XPL
케포스 라 마나과 공항,XQP
퀄리쿰 비치 공항,XQU
헤레스 공항,XRY
시르 바니야스 공항,XSB
사우스 케이커스 공항,XSC
사우스 인디언 레이크 공항,XSI
셀레타르 공항,XSP
달고민다 공항,XTG
타둘레 레이크 공항,XTL
타룸 공항,XTO
쉬저우 관음 공항,XUZ
윌리스턴 베이슨 국제 공항,XWA
아나힘 레이크 공항,YAA
북극 베이 공항,YAB
캣레이크 공항,YAC
포트 프란시스 공항,YAG
제너럴 베르나르도 오이긴스 공항,YAI
라이얼 하버 수상비행기 기지,YAJ
야쿠타트 공항,YAK
수세인트마리 공항,YAM
얍 국제공항,YAP
메이플 베이 수상 비행기 기지,YAQ
아타와피스캇 공항,YAT
메이네 아일랜드 수상비행장,YAV
앵글링 레이크/와페케카 공항,YAX
세인트 안토니 공항,YAY
토피노 롱비치 공항,YAZ
쿠가룩 공항,YBB
베 코모 공항,YBC
우라늄 시티 공항,YBE
캐나다 군사 기지 Bagotville,YBG
블랙 티클 공항,YBI
베이커 레이크 공항,YBK
캠벨 리버 공항,YBL
이빈우량예 공항,YBP
브랜든 뮤니시펄 공항,YBR
브로셰 공항,YBT
베렌스 리버 공항,YBV
베드웰 하버 수상 비행장,YBW
루르드 드 블랑 사블롱 공항,YBX
케임브리지 베이 공항,YCB
나나이모 공항,YCD
코르테스 아일랜드 비행장,YCF
웨스트 쿠트네이 지역 공항,YCG
콜빌 호수/토미 코촌 비행장,YCK
샬로 공항,YCL
쿠글룩툭 공항,YCO
크로스 레이크 ,YCR
체스터필드 인렛 공항,YCS
원청 관광 공항,YCU
클라이드 리버 공항,YCY
도슨 시티 공항,YDA
디어 레이크 공항,YDF
데즈 레이크 공항,YDL
중령 W.G. ,YDN
나인 공항,YDP
도슨 크릭 공항,YDQ
바운더리 베이 공항,YDT
예천 공군기지,YEC
에드먼턴 국제 공항,YEG
예니셰히르 공항,YEI
아르비아 공항,YEK
포트 세번 공항,YER
야스즈 공항,YES
이누빅,YEV
포트 알바니 공항,YFA
이칼루이트 공항,YFB
프레더릭턴 국제 공항,YFC
포트 호프 공항,YFH
베크웨티 공항,YFJ
플린 플론 공항,YFO
포트 레졸루션 공항,YFR
포트 심슨 공항,YFS
세인트 루이스 공항,YFX
텍사다/길리스베이 공항,YGB
협곡 하버 수상 비행장,YGE
갠지스 수상 비행장,YGG
포트 굿 호프 공항,YGH
미호 요나고 공항,YGJ
킹스턴/노먼 로저스 공항,YGK
라 그랑드 리비에르 공항,YGL
그린웨이 사운드 워터 비행장,YGN
갓즈 레이크 내로우스 공항,YGO
미셸 풀리오 가스페 공항,YGP
제럴턴,YGQ
일드라마들렌 공항,YGR
이글루릭 공항,YGT
아브르 생 피에르 공항,YGV
쿠주아라픽 공항,YGW
길람공항,YGX
그리즈 피오르드 공항,YGZ
포트 호프 심슨 공항,YHA
드라이든 공항,YHD
샬럿타운 공항,YHG
캠벨 리버 워터 비행장,YHH
울루하톡/홀만 공항,YHI
조아 헤이븐 공항,YHK
존 C. 먼로 해밀턴 국제 공항,YHM
호프데일 공항,YHO
포플러 힐 공항,YHP
체버리 공항,YHR
세첼트 비행장,YHS
몬트리올/생 위베르 공항,YHU
헤이 리버/멀린 카터 공항,YHY
핼리팩스 스탠 필드 국제 공항,YHZ
족자카르타 국제공항,YIA
이춘 밍위에산 공항,YIC
아산 이얼시 공항,YIE
생 오귀스탱 공항,YIF
빅 베이 수상 비행장,YIG
이창 산샤 공항,YIH
이브지비크 공항,YIK
이닝 공항,YIN
폰드 인렛 공항,YIO
윌로우 런 공항,YIP
아일랜드 레이크 공항,YIV
이우 공항,YIW
스테판빌 국제 공항,YJT
캠룹스 공항,YKA
워털루 국제공항지역,YKF
강기르숙 공항,YKG
잉커우 란치 공항,YKH
셰퍼빌 공항,YKL
야키마 에어 터미널,YKM
학카리 윅세코바 공항,YKO
와스카가니시 공항,YKQ
야쿠츠크 공항,YKS
클렘투 수상비행장,YKT
치사시비 공항,YKU
버튼빌 공항,YKZ
킴미루트 공항,YLC
화이티 공항,YLE
랜스다운 하우스 공항,YLH
레이크 심코 지역공항,YLK
로이드민스터 공항,YLL
예블라크 공항,YLV
킬로나 국제 공항,YLW
위린 푸미안 공항,YLX
랭글리 지역공항,YLY
메이요 공항,YMA
몬태규 하버 수상 비행장,YMF
메리스 하버 공항,YMH
미스 카메니 공항,YMK
포트 맥머리 국제 공항,YMM
마코빅 공항,YMN
무소니 공항,YMO
포트 맥닐 공항,YMP
치부가마우/차파이스 공항,YMT
맨슨스 상륙 수상 비행장,YMU
몬트리올 미라벨 국제공항,YMX
나타슈콴 공항,YNA
옌부 국내공항,YNB
웨민지 공항,YNC
가티노 오타와 이그제큐티브 공항,YND
노르웨이 하우스 공항,YNE
영스타운 워렌 공항,YNG
옌지 차오양촨 공항,YNJ
포인트 노스 랜딩 공항,YNL
노스 스피릿 레이크 공항,YNO
나투아시시 공항,YNP
네미스카우 공항,YNS
옌타이 펑라이 국제공항,YNT
양양국제공항,YNY
옌청 난양 국제공항,YNZ
올드 크로우 공항,YOC
CFB 콜드 레이크 ,YOD
오고키 유초 공항,YOG
옥스퍼드 하우스 공항,YOH
하이 레벨 공항,YOJ
욜라 공항,YOL
용풀라 공항,YON
레인보우 레이크 공항,YOP
오타와 맥도날드 카르티에 국제공항,YOW
프린스 알버트,YPA
알버니 밸리 지역공항,YPB
노라 알리카치알루크 루벤 공항,YPC
피스 리버 공항,YPE
포티지 라 프레리/사우스포트 공항,YPG
이누크주악 공항,YPH
아우팔룩 공항,YPJ
피클 레이크 공항,YPL
피캉기쿰 공항,YPM
포트 메니에 공항,YPN
피와넉 공항,YPO
피터버러 공항,YPQ
프린스 루퍼트 공항,YPR
파월 리버 공항,YPW
푸비르니투크 공항,YPX
포트 치페위안 공항,YPY
무스코카 공항,YQA
퀘벡 시티 장 르사주 국제공항,YQB
콰크타크 공항,YQC
파스 공항,YQD
레드 디어 공항,YQF
윈저 국제 공항,YQG
왓슨 레이크 공항,YQH
야머스 공항,YQI
에이프릴 포인트 수상비행장,YQJ
케노라 공항,YQK
레스브리지 공항,YQL
그레이터 멍크턴 국제공항,YQM
나키나 공항,YQN
코목스 공항,YQQ
레지나 국제 공항,YQR
선더 베이 국제 공항,YQT
그랜드 프레리 공항,YQU
요크턴 공항,YQV
갠더 국제공항,YQX
시드니/J.A. 더글러스 맥커디 공항,YQY
퀘넬 공항,YQZ
라에 레이크스 공항,YRA
레졸루트 베이 공항,YRB
카트라이트 공항,YRF
리골레트 공항,YRG
로베르발 공항,YRJ
레드 레이크 공항,YRL
트루아 리비에르 공항,YRQ
스튜어트 아일랜드 활주로,YRR
레드 서커 레이크 공항,YRS
랜킨 인렛 공항,YRT
서드베리 공항,YSB
셔브룩 공항,YSC
스토니래피즈 공항,YSF
루체케 공항,YSG
세인트 존 공항,YSJ
사니킬루아크 공항,YSK
포트 스미스 공항,YSM
포스트빌 공항,YSO
쑹위안 차간후 공항,YSQ
세인트 테레사 포인트 공항,YST
삭스 하버 ,YSY
케이프 도싯 공항,YTE
알마 공항,YTF
설리번 베이 수상 비행장,YTG
톰슨 공항,YTH
빅 트라우트 레이크 공항,YTL
몽트랑블랑 국제공항,YTM
타시우자크 공항,YTQ
티민스/빅터 M. 파워 공항,YTS
위톈 완팡 공항,YTW
양저우 타이저우 공항,YTY
빌리 비숍 토론토 시티 공항,YTZ
툭토야크툭/제임스 그루벤 공항,YUB
우미우자크 공항,YUD
몬트리올 트뤼도 국제공항,YUL
유마 국제공항,YUM
유슈 바탕 공항,YUS
리펄스 베이 공항,YUT
홀 비치 공항,YUX
루인 노란다 공항,YUY
이코니 공항,YVA
보나벤투라 공항,YVB
라 롱즈 공항,YVC
키키크타르주아크 공항,YVM
발도르 공항,YVO
쿠주악 공항,YVP
노먼 웰스 공항,YVQ
밴쿠버 국제 공항,YVR
위어턴 공항,YVV
디어 레이크 공항,YVZ
캉긱수주아크 공항,YWB
위니펙 제임스 암스트롱 리처드슨 국제 공항,YWG
빅토리아 하버 워터 공항,YWH
델린 공항,YWJ
와부시 공항,YWK
윌리엄스 레이크 공항,YWL
윌리엄스 하버 공항,YWM
웨퀴 공항,YWP
크랜브룩/캐나디언 로키스 국제공항,YXC
새스커툰 존 G. 디펜베이커 국제공항,YXE
메디신햇 공항,YXH
포트세인트존 공항,YXJ
수 룩아웃 공항,YXL
웨일 코브 공항,YXN
팡니르퉁 공항,YXP
프린스 조지 공항,YXS
노스웨스트 공항,YXT
런던 국제 공항,YXU
애버츠퍼드 국제공항,YXX
에릭 닐슨 화이트호스 국제공항,YXY
웨양 산허 공항,YYA
노스 베이/잭 갈랜드 공항,YYB
캘거리 국제 공항,YYC
스미더스 공항,YYD
노던 로키스 공항,YYE
펜틱턴 공항,YYF
샬럿타운 공항,YYG
탈로요크 공항,YYH
빅토리아 국제 공항,YYJ
린 레이크 공항,YYL
처칠 공항,YYQ
CFB 구스베이,YYR
세인트 존스 국제 공항,YYT
카푸스카싱 공항,YYU
몽졸리 공항,YYY
토론토 피어슨 국제 공항,YYZ
옐로나이프 공항,YZF
살루이트 공항,YZG
샌드스핏 공항,YZP
사니아 크리스 해드필드 공항,YZR
코럴 하버 공항,YZS
포트 하디 공항,YZT
셉트일 공항,YZV
장예 간저우 공항,YZY
트레일 공항,YZZ
요크 랜딩 공항,ZAC
자다르 공항,ZAD
플레소 공항,ZAG
자헤단 공항,ZAH
자란즈 공항,ZAJ
피쵸이 공항,ZAL
잠보앙가 국제 공항,ZAM
자리아 공항,ZAR
자오퉁 공항,ZAT
사라고사 공항,ZAZ
배서스트 공항,ZBF
빌로엘라 공항,ZBL
코나라크 공항,ZBR
제너럴 레오바르도 C. 루이즈 국제공항,ZCL
라 아라우카니아 공항,ZCO
달마 공항,ZDY
벨라 벨라 ,ZEL
이스트메인 리버 공항,ZEM
제로 공항,ZER
퐁뒤락 공항,ZFD
포트 맥퍼슨 공항,ZFM
툴리타 공항,ZFN
갓 리버 공항,ZGI
리틀 그랜드 래피즈 공항,ZGR
라로메인 공항,ZGS
가우아 공항,ZGU
잔장 우촨 공항,ZHA
중웨이 샤포토우 공항,ZHY
라멘스코예 공항,ZIA
지긴쇼르 공항,ZIG
익스타파 지와타네호 국제공항,ZIH
알진탄 공항,ZIS
지간스크 공항,ZIX
스완 리버 공항,ZJN
카셰체완 공항,ZKE
케가스카 공항,ZKG
지리얀카 공항,ZKP
플라야 데 오로 국제 공항,ZLO
라 타바티에르 공항,ZLT
잘링게이 공항,ZLX
세나 마두레이라 공항,ZMD
마세트 공항,ZMT
나나이모 하버 워터 공항,ZNA
진더 공항,ZND
뉴먼 공항,ZNE
아베이드 아마니 카루메 국제공항,ZNZ
오션 폴스 수상 비행장,ZOF
오소로노 공항,ZOS
사치고 호수 공항,ZPB
푸콘 공항,ZPC
제퍼힐스 공항,ZPH
퀸스타운 공항,ZQN
츠바이브뤼켄 공항,ZQW
장자커우 닝위안 공항,ZQZ
취리히 공항,ZRH
세루이 공항,ZRI
라운드 레이크 공항,ZRJ
산살바도르 공항,ZSA
피에르퐁 공항,ZSE
샌디 레이크 공항,ZSJ
투레이아 공항,ZTA
테트아라발레인 공항,ZTB
자킨토스 국제공항,ZTH
샤마타와 공항,ZTM
지토미르 공항,ZTR
자카탈라 국제공항,ZTU
주하이 주완 공항,ZUH
처칠폴스 공항,ZUM
사바나케트 공항,ZVK
월러스턴 레이크 공항,ZWL
쭌이 신저우 공항,ZYI
오스마니 국제 공항,ZYL
잔길란 국제공항,ZZE
조날노예 공항,ZZO
음주주 공항,
